subject,idna_subject,expiration_date,epoch,registrar
000webhost.fr,000webhost.fr,20-sep-2023,1695168000.0,KEY-SYSTEMS GmbH
000.tf,000.tf,25-jun-2023,1687651200.0,GRANSY s.r.o.
0076.pm,0076.pm,10-jul-2023,1688947200.0,GANDI
0060.pm,0060.pm,12-jul-2023,1689120000.0,GANDI
01portable.fr,01portable.fr,20-sep-2023,1695168000.0,KEY-SYSTEMS GmbH
0169.pm,0169.pm,12-jul-2023,1689120000.0,GANDI
0217.wf,0217.wf,10-aug-2023,1691625600.0,GRANSY s.r.o.
0393.pm,0393.pm,10-jul-2023,1688947200.0,GANDI
0378.pm,0378.pm,12-jul-2023,1689120000.0,GANDI
0416.yt,0416.yt,24-aug-2023,1692835200.0,GANDI
06.yt,06.yt,13-jul-2023,1689206400.0,GRANSY s.r.o.
0orange.fr,0orange.fr,20-sep-2023,1695168000.0,KEY-SYSTEMS GmbH
089.pm,089.pm,27-jun-2023,1687824000.0,GRANSY s.r.o.
0ranges.fr,0ranges.fr,09-oct-2023,1696809600.0,KEY-SYSTEMS GmbH
1001paixnidia.fr,1001paixnidia.fr,20-sep-2023,1695168000.0,KEY-SYSTEMS GmbH
1032.yt,1032.yt,24-aug-2023,1692835200.0,GANDI
1099.tf,1099.tf,11-aug-2023,1691712000.0,GRANSY s.r.o.
1148.wf,1148.wf,18-aug-2023,1692316800.0,GANDI
1153.yt,1153.yt,23-aug-2023,1692748800.0,GANDI
1177.pm,1177.pm,09-jul-2023,1688860800.0,GANDI
1179.wf,1179.wf,10-aug-2023,1691625600.0,GANDI
123-people.fr,123-people.fr,20-sep-2023,1695168000.0,KEY-SYSTEMS GmbH
1234love.fr,1234love.fr,20-sep-2023,1695168000.0,KEY-SYSTEMS GmbH
1257.tf,1257.tf,11-aug-2023,1691712000.0,GRANSY s.r.o.
1314520.paris,1314520.paris,17-may-2023,1684281600.0,GoDaddy.com LLC
12333.yt,12333.yt,14-jul-2023,1689292800.0,GRANSY s.r.o.
1274.yt,1274.yt,07-aug-2023,1691366400.0,GRANSY s.r.o.
1297.wf,1297.wf,10-aug-2023,1691625600.0,GRANSY s.r.o.
1315.pm,1315.pm,10-jul-2023,1688947200.0,Hosting Concepts B.V. d/b/a Openprovider
1362.yt,1362.yt,09-aug-2023,1691539200.0,GRANSY s.r.o.
1321.pm,1321.pm,10-jul-2023,1688947200.0,Hosting Concepts B.V. d/b/a Openprovider
1363.wf,1363.wf,10-aug-2023,1691625600.0,GANDI
1343.fr,1343.fr,16-aug-2023,1692144000.0,GRANSY s.r.o.
1348.yt,1348.yt,26-aug-2023,1693008000.0,GRANSY s.r.o.
1357.wf,1357.wf,11-aug-2023,1691712000.0,GRANSY s.r.o.
1488.pm,1488.pm,09-jul-2023,1688860800.0,GANDI
1499.pm,1499.pm,10-jul-2023,1688947200.0,GANDI
1505.pm,1505.pm,09-jul-2023,1688860800.0,GANDI
1375.tf,1375.tf,12-aug-2023,1691798400.0,GRANSY s.r.o.
1508.pm,1508.pm,12-jul-2023,1689120000.0,GANDI
1390.yt,1390.yt,09-aug-2023,1691539200.0,GRANSY s.r.o.
1522.wf,1522.wf,18-aug-2023,1692316800.0,GANDI
1524.yt,1524.yt,06-aug-2023,1691280000.0,GRANSY s.r.o.
1398.wf,1398.wf,10-aug-2023,1691625600.0,GRANSY s.r.o.
1525.tf,1525.tf,11-aug-2023,1691712000.0,GRANSY s.r.o.
153.wf,153.wf,18-aug-2023,1692316800.0,GANDI
1558.pm,1558.pm,12-jul-2023,1689120000.0,GANDI
1577.wf,1577.wf,18-aug-2023,1692316800.0,GANDI
1582.yt,1582.yt,24-aug-2023,1692835200.0,GANDI
1506.yt,1506.yt,08-aug-2023,1691452800.0,GRANSY s.r.o.
1604.yt,1604.yt,06-aug-2023,1691280000.0,GRANSY s.r.o.
1512.pm,1512.pm,10-jul-2023,1688947200.0,Hosting Concepts B.V. d/b/a Openprovider
1568.pm,1568.pm,10-jul-2023,1688947200.0,Hosting Concepts B.V. d/b/a Openprovider
1584.yt,1584.yt,09-aug-2023,1691539200.0,GRANSY s.r.o.
1608.yt,1608.yt,09-aug-2023,1691539200.0,GRANSY s.r.o.
1674.yt,1674.yt,23-aug-2023,1692748800.0,GANDI
1693.pm,1693.pm,17-jul-2023,1689552000.0,GANDI
1634.wf,1634.wf,11-aug-2023,1691712000.0,GRANSY s.r.o.
1634.yt,1634.yt,08-aug-2023,1691452800.0,GRANSY s.r.o.
1676.pm,1676.pm,10-jul-2023,1688947200.0,GANDI
1695.pm,1695.pm,08-jul-2023,1688774400.0,GANDI
1727.wf,1727.wf,10-aug-2023,1691625600.0,GANDI
1743.yt,1743.yt,26-aug-2023,1693008000.0,GRANSY s.r.o.
1756.wf,1756.wf,10-aug-2023,1691625600.0,GRANSY s.r.o.
1645.wf,1645.wf,18-aug-2023,1692316800.0,GRANSY s.r.o.
1757.pm,1757.pm,09-jul-2023,1688860800.0,GANDI
1796.pm,1796.pm,10-jul-2023,1688947200.0,GANDI
1800contacts.fr,1800contacts.fr,20-sep-2023,1695168000.0,KEY-SYSTEMS GmbH
1825.yt,1825.yt,08-aug-2023,1691452800.0,GRANSY s.r.o.
1830.wf,1830.wf,10-aug-2023,1691625600.0,GRANSY s.r.o.
1714.fr,1714.fr,16-aug-2023,1692144000.0,GRANSY s.r.o.
1736.wf,1736.wf,11-aug-2023,1691712000.0,GRANSY s.r.o.
1849.pm,1849.pm,10-jul-2023,1688947200.0,GANDI
1852.yt,1852.yt,06-aug-2023,1691280000.0,GRANSY s.r.o.
1858.pm,1858.pm,12-jul-2023,1689120000.0,GANDI
1863.pm,1863.pm,09-jul-2023,1688860800.0,GANDI
1863.yt,1863.yt,07-aug-2023,1691366400.0,GRANSY s.r.o.
1762.yt,1762.yt,06-aug-2023,1691280000.0,GRANSY s.r.o.
1875.yt,1875.yt,25-aug-2023,1692921600.0,GANDI
1870.yt,1870.yt,09-aug-2023,1691539200.0,GRANSY s.r.o.
1897.wf,1897.wf,10-aug-2023,1691625600.0,GRANSY s.r.o.
1916.tf,1916.tf,11-aug-2023,1691712000.0,GANDI
1922.wf,1922.wf,10-aug-2023,1691625600.0,GRANSY s.r.o.
1appleid-apple.fr,1appleid-apple.fr,27-mar-2023,1679875200.0,Name.com LLC
1an1.fr,1an1.fr,26-aug-2023,1693008000.0,SCALEWAY
1827.tf,1827.tf,12-aug-2023,1691798400.0,GRANSY s.r.o.
1bet.fr,1bet.fr,20-sep-2023,1695168000.0,KEY-SYSTEMS GmbH
1cares.fr,1cares.fr,20-sep-2023,1695168000.0,KEY-SYSTEMS GmbH
1kdigital.fr,1kdigital.fr,20-sep-2023,1695168000.0,KEY-SYSTEMS GmbH
1max2coloriage.fr,1max2coloriage.fr,20-sep-2023,1695168000.0,KEY-SYSTEMS GmbH
1monespace-lcl.fr,1monespace-lcl.fr,07-apr-2023,1680825600.0,Name.com LLC
1percent.fr,1percent.fr,20-sep-2023,1695168000.0,KEY-SYSTEMS GmbH
1sale.fr,1sale.fr,20-sep-2023,1695168000.0,KEY-SYSTEMS GmbH
20001jeux.fr,20001jeux.fr,20-sep-2023,1695168000.0,KEY-SYSTEMS GmbH
2022-certificat-air.fr,2022-certificat-air.fr,27-sep-2023,1695772800.0,KEY-SYSTEMS GmbH
2022-gestion-assurance.fr,2022-gestion-assurance.fr,03-sep-2023,1693699200.0,1API GmbH
2022-gestion-carte.fr,2022-gestion-carte.fr,31-aug-2023,1693440000.0,KEY-SYSTEMS GmbH
2022-ma-carte-assurance.fr,2022-ma-carte-assurance.fr,30-aug-2023,1693353600.0,KEY-SYSTEMS GmbH
2022-paiement-netflix.fr,2022-paiement-netflix.fr,06-oct-2023,1696550400.0,KEY-SYSTEMS GmbH
2023-ameli.fr,2023-ameli.fr,30-sep-2023,1696032000.0,KEY-SYSTEMS GmbH
2040.wf,2040.wf,18-aug-2023,1692316800.0,GANDI
2042.pm,2042.pm,10-jul-2023,1688947200.0,GANDI
2056.yt,2056.yt,06-aug-2023,1691280000.0,GRANSY s.r.o.
2013.yt,2013.yt,09-aug-2023,1691539200.0,GRANSY s.r.o.
2009.pm,2009.pm,08-sep-2023,1694131200.0,Hosting Concepts B.V. d/b/a Openprovider
20inutes.fr,20inutes.fr,20-sep-2023,1695168000.0,KEY-SYSTEMS GmbH
20linutes.fr,20linutes.fr,26-aug-2023,1693008000.0,KEY-SYSTEMS GmbH
20miinutes.fr,20miinutes.fr,20-sep-2023,1695168000.0,KEY-SYSTEMS GmbH
20minites.fr,20minites.fr,20-sep-2023,1695168000.0,KEY-SYSTEMS GmbH
20mintes.fr,20mintes.fr,20-sep-2023,1695168000.0,KEY-SYSTEMS GmbH
20minujtes.fr,20minujtes.fr,20-sep-2023,1695168000.0,KEY-SYSTEMS GmbH
2057.wf,2057.wf,11-aug-2023,1691712000.0,GRANSY s.r.o.
20minutrs.fr,20minutrs.fr,20-sep-2023,1695168000.0,KEY-SYSTEMS GmbH
2073.tf,2073.tf,12-aug-2023,1691798400.0,GRANSY s.r.o.
20mionutes.fr,20mionutes.fr,20-sep-2023,1695168000.0,KEY-SYSTEMS GmbH
20mlinutes.fr,20mlinutes.fr,26-aug-2023,1693008000.0,KEY-SYSTEMS GmbH
2132.yt,2132.yt,25-aug-2023,1692921600.0,GANDI
2122.pm,2122.pm,12-jul-2023,1689120000.0,GANDI
2129.wf,2129.wf,10-aug-2023,1691625600.0,GANDI
2138.pm,2138.pm,25-jun-2023,1687651200.0,GRANSY s.r.o.
2143.yt,2143.yt,23-aug-2023,1692748800.0,GANDI
2031.wf,2031.wf,18-aug-2023,1692316800.0,GRANSY s.r.o.
2150.wf,2150.wf,18-aug-2023,1692316800.0,GANDI
2170.tf,2170.tf,11-aug-2023,1691712000.0,GANDI
2173.yt,2173.yt,07-aug-2023,1691366400.0,GRANSY s.r.o.
2147.tf,2147.tf,12-aug-2023,1691798400.0,GRANSY s.r.o.
2157.yt,2157.yt,06-aug-2023,1691280000.0,GRANSY s.r.o.
2183.yt,2183.yt,07-aug-2023,1691366400.0,GRANSY s.r.o.
2211.yt,2211.yt,23-aug-2023,1692748800.0,GANDI
2184.yt,2184.yt,09-aug-2023,1691539200.0,GRANSY s.r.o.
2232.wf,2232.wf,18-aug-2023,1692316800.0,GANDI
2230.pm,2230.pm,05-jul-2023,1688515200.0,GANDI
2237.wf,2237.wf,22-aug-2023,1692662400.0,GANDI
2260.yt,2260.yt,23-aug-2023,1692748800.0,GANDI
2259.wf,2259.wf,10-aug-2023,1691625600.0,GRANSY s.r.o.
2275.wf,2275.wf,22-aug-2023,1692662400.0,GRANSY s.r.o.
2289.pm,2289.pm,10-jul-2023,1688947200.0,GANDI
2316.pm,2316.pm,08-jul-2023,1688774400.0,GANDI
2145.wf,2145.wf,23-aug-2023,1692748800.0,GRANSY s.r.o.
2265.wf,2265.wf,18-aug-2023,1692316800.0,GRANSY s.r.o.
2331.wf,2331.wf,18-aug-2023,1692316800.0,GRANSY s.r.o.
234.wf,234.wf,18-aug-2023,1692316800.0,GANDI
2349.yt,2349.yt,24-aug-2023,1692835200.0,GANDI
2354.yt,2354.yt,23-aug-2023,1692748800.0,GANDI
2371.pm,2371.pm,10-jul-2023,1688947200.0,GANDI
237online.fr,237online.fr,20-sep-2023,1695168000.0,KEY-SYSTEMS GmbH
2381.pm,2381.pm,12-jul-2023,1689120000.0,GANDI
2373.yt,2373.yt,23-sep-2023,1695427200.0,Hosting Concepts B.V. d/b/a Openprovider
2399.pm,2399.pm,08-jul-2023,1688774400.0,GANDI
23.wf,23.wf,26-jun-2023,1687737600.0,GRANSY s.r.o.
23.yt,23.yt,26-jun-2023,1687737600.0,GRANSY s.r.o.
2432.yt,2432.yt,24-aug-2023,1692835200.0,GANDI
247blinds.fr,247blinds.fr,20-sep-2023,1695168000.0,KEY-SYSTEMS GmbH
2477.tf,2477.tf,11-aug-2023,1691712000.0,GANDI
24minutes.fr,24minutes.fr,20-sep-2023,1695168000.0,KEY-SYSTEMS GmbH
2498.pm,2498.pm,08-jul-2023,1688774400.0,GANDI
2509.pm,2509.pm,12-jul-2023,1689120000.0,GANDI
2361.wf,2361.wf,18-aug-2023,1692316800.0,GRANSY s.r.o.
2515.wf,2515.wf,18-aug-2023,1692316800.0,GANDI
2375.yt,2375.yt,23-sep-2023,1695427200.0,Hosting Concepts B.V. d/b/a Openprovider
2560.paris,2560.paris,27-may-2023,1685145600.0,GoDaddy.com LLC
25630.paris,25630.paris,23-may-2023,1684800000.0,GoDaddy.com LLC
2571.yt,2571.yt,08-aug-2023,1691452800.0,GRANSY s.r.o.
2503.fr,2503.fr,16-aug-2023,1692144000.0,GRANSY s.r.o.
2518.yt,2518.yt,08-aug-2023,1691452800.0,GRANSY s.r.o.
2573.yt,2573.yt,08-aug-2023,1691452800.0,GRANSY s.r.o.
2582.wf,2582.wf,22-aug-2023,1692662400.0,GANDI
2580.pm,2580.pm,17-jul-2023,1689552000.0,GANDI
25865.paris,25865.paris,16-may-2023,1684195200.0,GoDaddy.com LLC
2626.wf,2626.wf,10-aug-2023,1691625600.0,GANDI
2680.wf,2680.wf,10-aug-2023,1691625600.0,GRANSY s.r.o.
2607.wf,2607.wf,11-aug-2023,1691712000.0,GRANSY s.r.o.
2610.yt,2610.yt,08-aug-2023,1691452800.0,GRANSY s.r.o.
2630.yt,2630.yt,09-aug-2023,1691539200.0,GRANSY s.r.o.
2698.wf,2698.wf,22-aug-2023,1692662400.0,GANDI
26.tf,26.tf,19-jul-2023,1689724800.0,GRANSY s.r.o.
2632.pm,2632.pm,10-jul-2023,1688947200.0,Hosting Concepts B.V. d/b/a Openprovider
2736.yt,2736.yt,07-aug-2023,1691366400.0,GRANSY s.r.o.
2683.wf,2683.wf,18-aug-2023,1692316800.0,GRANSY s.r.o.
2763.yt,2763.yt,08-aug-2023,1691452800.0,GRANSY s.r.o.
2796.pm,2796.pm,10-jul-2023,1688947200.0,GANDI
2789.yt,2789.yt,25-aug-2023,1692921600.0,GANDI
2857.yt,2857.yt,06-aug-2023,1691280000.0,GRANSY s.r.o.
2855.wf,2855.wf,22-aug-2023,1692662400.0,GRANSY s.r.o.
2873.pm,2873.pm,04-jul-2023,1688428800.0,GANDI
2889.wf,2889.wf,18-aug-2023,1692316800.0,GANDI
2949.wf,2949.wf,10-aug-2023,1691625600.0,GRANSY s.r.o.
2960.pm,2960.pm,17-jul-2023,1689552000.0,GANDI
2974.pm,2974.pm,08-jul-2023,1688774400.0,GANDI
2doapp.fr,2doapp.fr,20-sep-2023,1695168000.0,KEY-SYSTEMS GmbH
2989.yt,2989.yt,23-sep-2023,1695427200.0,Hosting Concepts B.V. d/b/a Openprovider
2lemonde.fr,2lemonde.fr,20-sep-2023,1695168000.0,KEY-SYSTEMS GmbH
2m-mobilier-bureau.fr,2m-mobilier-bureau.fr,20-sep-2023,1695168000.0,KEY-SYSTEMS GmbH
2ominutes.fr,2ominutes.fr,20-sep-2023,1695168000.0,KEY-SYSTEMS GmbH
2roueselectrique.fr,2roueselectrique.fr,20-sep-2023,1695168000.0,KEY-SYSTEMS GmbH
2835.yt,2835.yt,06-aug-2023,1691280000.0,GRANSY s.r.o.
2918.fr,2918.fr,16-aug-2023,1692144000.0,GRANSY s.r.o.
3015.yt,3015.yt,08-aug-2023,1691452800.0,GRANSY s.r.o.
3059.pm,3059.pm,17-jul-2023,1689552000.0,GANDI
3026.yt,3026.yt,08-aug-2023,1691452800.0,GRANSY s.r.o.
3051.yt,3051.yt,26-aug-2023,1693008000.0,GRANSY s.r.o.
3075.pm,3075.pm,10-jul-2023,1688947200.0,GANDI
3088.pm,3088.pm,12-jul-2023,1689120000.0,GANDI
3136.pm,3136.pm,12-jul-2023,1689120000.0,GANDI
3083.wf,3083.wf,18-aug-2023,1692316800.0,GRANSY s.r.o.
3136.fr,3136.fr,16-jun-2023,1686873600.0,1API GmbH
3151.wf,3151.wf,22-aug-2023,1692662400.0,GANDI
3147.fr,3147.fr,16-jun-2023,1686873600.0,1API GmbH
3156.pm,3156.pm,08-jul-2023,1688774400.0,GANDI
3158.pm,3158.pm,09-jul-2023,1688860800.0,GANDI
3150.wf,3150.wf,22-aug-2023,1692662400.0,GRANSY s.r.o.
3157.yt,3157.yt,06-aug-2023,1691280000.0,GRANSY s.r.o.
3158.wf,3158.wf,10-aug-2023,1691625600.0,GRANSY s.r.o.
315i.paris,315i.paris,02-jun-2023,1685664000.0,GoDaddy.com LLC
31609.pm,31609.pm,17-jul-2023,1689552000.0,GANDI
3073.tf,3073.tf,11-aug-2023,1691712000.0,GRANSY s.r.o.
3158.yt,3158.yt,09-aug-2023,1691539200.0,GRANSY s.r.o.
3160.yt,3160.yt,08-aug-2023,1691452800.0,GRANSY s.r.o.
3165.pm,3165.pm,12-jul-2023,1689120000.0,GANDI
3168.pm,3168.pm,10-jul-2023,1688947200.0,GANDI
3169.pm,3169.pm,09-jul-2023,1688860800.0,GANDI
3176.pm,3176.pm,11-jul-2023,1689033600.0,GANDI
3177.wf,3177.wf,10-aug-2023,1691625600.0,GRANSY s.r.o.
3176.yt,3176.yt,07-aug-2023,1691366400.0,GRANSY s.r.o.
3180.pm,3180.pm,10-jul-2023,1688947200.0,GANDI
3184.yt,3184.yt,26-aug-2023,1693008000.0,GRANSY s.r.o.
3221.yt,3221.yt,24-aug-2023,1692835200.0,GANDI
3195.yt,3195.yt,23-sep-2023,1695427200.0,Hosting Concepts B.V. d/b/a Openprovider
3232.wf,3232.wf,18-aug-2023,1692316800.0,GANDI
3245.pm,3245.pm,10-jul-2023,1688947200.0,GANDI
32563.paris,32563.paris,16-may-2023,1684195200.0,GoDaddy.com LLC
31tf.yt,31tf.yt,17-sep-2023,1694908800.0,Hosting Concepts B.V. d/b/a Openprovider
3265.yt,3265.yt,08-aug-2023,1691452800.0,GRANSY s.r.o.
3268.yt,3268.yt,07-aug-2023,1691366400.0,GRANSY s.r.o.
3269.pm,3269.pm,12-jul-2023,1689120000.0,GANDI
3286.yt,3286.yt,08-aug-2023,1691452800.0,GRANSY s.r.o.
3195.wf,3195.wf,22-aug-2023,1692662400.0,GRANSY s.r.o.
31i1.paris,31i1.paris,02-jun-2023,1685664000.0,GoDaddy.com LLC
328.wf,328.wf,18-aug-2023,1692316800.0,GANDI
3300.wf,3300.wf,18-aug-2023,1692316800.0,GANDI
3317.pm,3317.pm,08-jul-2023,1688774400.0,Hosting Concepts B.V. d/b/a Openprovider
3336.pm,3336.pm,10-jul-2023,1688947200.0,GANDI
3337.pm,3337.pm,12-jul-2023,1689120000.0,GANDI
3345.pm,3345.pm,10-jul-2023,1688947200.0,GANDI
3355.yt,3355.yt,25-aug-2023,1692921600.0,GANDI
3361.pm,3361.pm,12-jul-2023,1689120000.0,GANDI
3361.wf,3361.wf,10-aug-2023,1691625600.0,GANDI
3270.wf,3270.wf,11-aug-2023,1691712000.0,GRANSY s.r.o.
3275.yt,3275.yt,09-aug-2023,1691539200.0,GRANSY s.r.o.
3364.yt,3364.yt,23-aug-2023,1692748800.0,GANDI
3389.wf,3389.wf,18-aug-2023,1692316800.0,GANDI
3411.yt,3411.yt,24-aug-2023,1692835200.0,GANDI
3398.pm,3398.pm,09-jul-2023,1688860800.0,GANDI
3424.pm,3424.pm,08-jul-2023,1688774400.0,GANDI
3362.wf,3362.wf,10-aug-2023,1691625600.0,GRANSY s.r.o.
3432.pm,3432.pm,10-jul-2023,1688947200.0,Hosting Concepts B.V. d/b/a Openprovider
3505.wf,3505.wf,10-aug-2023,1691625600.0,GANDI
3456.wf,3456.wf,10-aug-2023,1691625600.0,GRANSY s.r.o.
3460.yt,3460.yt,08-aug-2023,1691452800.0,GRANSY s.r.o.
3472.fr,3472.fr,16-aug-2023,1692144000.0,GRANSY s.r.o.
3506.pm,3506.pm,12-jul-2023,1689120000.0,GANDI
3511.pm,3511.pm,10-jul-2023,1688947200.0,GANDI
3520.yt,3520.yt,25-aug-2023,1692921600.0,GANDI
3542.pm,3542.pm,08-jul-2023,1688774400.0,Hosting Concepts B.V. d/b/a Openprovider
3572.pm,3572.pm,08-jul-2023,1688774400.0,GANDI
3579.pm,3579.pm,12-jul-2023,1689120000.0,GANDI
3599.pm,3599.pm,08-jul-2023,1688774400.0,GANDI
3602.yt,3602.yt,10-aug-2023,1691625600.0,GRANSY s.r.o.
3545.pm,3545.pm,10-jul-2023,1688947200.0,Hosting Concepts B.V. d/b/a Openprovider
35585.yt,35585.yt,18-sep-2023,1694995200.0,Hosting Concepts B.V. d/b/a Openprovider
3579.yt,3579.yt,10-aug-2023,1691625600.0,GRANSY s.r.o.
3586.fr,3586.fr,16-aug-2023,1692144000.0,GRANSY s.r.o.
3628.yt,3628.yt,06-aug-2023,1691280000.0,GRANSY s.r.o.
3629.pm,3629.pm,08-jul-2023,1688774400.0,GANDI
3614.wf,3614.wf,11-aug-2023,1691712000.0,GRANSY s.r.o.
3620.yt,3620.yt,07-aug-2023,1691366400.0,GRANSY s.r.o.
3660.wf,3660.wf,18-aug-2023,1692316800.0,GANDI
3648.pm,3648.pm,10-jul-2023,1688947200.0,Hosting Concepts B.V. d/b/a Openprovider
3626.wf,3626.wf,18-aug-2023,1692316800.0,GRANSY s.r.o.
3693.pm,3693.pm,12-jul-2023,1689120000.0,GANDI
3650.yt,3650.yt,06-aug-2023,1691280000.0,GRANSY s.r.o.
3696.pm,3696.pm,10-jul-2023,1688947200.0,GANDI
3632.wf,3632.wf,18-aug-2023,1692316800.0,GRANSY s.r.o.
3699.pm,3699.pm,08-jul-2023,1688774400.0,GANDI
36.wf,36.wf,28-jun-2023,1687910400.0,GRANSY s.r.o.
3725.pm,3725.pm,08-jul-2023,1688774400.0,GANDI
3682.wf,3682.wf,11-aug-2023,1691712000.0,GRANSY s.r.o.
3725.wf,3725.wf,10-aug-2023,1691625600.0,GANDI
3733.pm,3733.pm,10-jul-2023,1688947200.0,GANDI
3736.pm,3736.pm,08-jul-2023,1688774400.0,GANDI
3750.pm,3750.pm,12-jul-2023,1689120000.0,GANDI
3751.yt,3751.yt,08-aug-2023,1691452800.0,GRANSY s.r.o.
3719.fr,3719.fr,16-jun-2023,1686873600.0,1API GmbH
3724.yt,3724.yt,09-aug-2023,1691539200.0,GRANSY s.r.o.
3742.fr,3742.fr,17-jun-2023,1686960000.0,1API GmbH
3769.pm,3769.pm,17-jul-2023,1689552000.0,GANDI
3790.tf,3790.tf,11-aug-2023,1691712000.0,GANDI
3799.pm,3799.pm,08-jul-2023,1688774400.0,GANDI
3816.pm,3816.pm,09-jul-2023,1688860800.0,GANDI
3702.tf,3702.tf,11-aug-2023,1691712000.0,GRANSY s.r.o.
3817.pm,3817.pm,04-jul-2023,1688428800.0,GANDI
3825.yt,3825.yt,07-aug-2023,1691366400.0,GRANSY s.r.o.
3762.tf,3762.tf,12-aug-2023,1691798400.0,GRANSY s.r.o.
3762.yt,3762.yt,09-aug-2023,1691539200.0,GRANSY s.r.o.
3878.pm,3878.pm,09-jul-2023,1688860800.0,GANDI
3793.wf,3793.wf,10-aug-2023,1691625600.0,GRANSY s.r.o.
3914.wf,3914.wf,22-aug-2023,1692662400.0,GANDI
3986.wf,3986.wf,10-aug-2023,1691625600.0,GRANSY s.r.o.
3959.yt,3959.yt,23-sep-2023,1695427200.0,Hosting Concepts B.V. d/b/a Openprovider
3ac-poitiers.fr,3ac-poitiers.fr,20-sep-2023,1695168000.0,KEY-SYSTEMS GmbH
3dpaysecurefacturation.fr,3dpaysecurefacturation.fr,17-aug-2023,1692230400.0,KEY-SYSTEMS GmbH
3mfrances.fr,3mfrances.fr,20-sep-2023,1695168000.0,KEY-SYSTEMS GmbH
3836.wf,3836.wf,18-aug-2023,1692316800.0,GRANSY s.r.o.
3852.wf,3852.wf,11-aug-2023,1691712000.0,GRANSY s.r.o.
3movs.fr,3movs.fr,20-sep-2023,1695168000.0,KEY-SYSTEMS GmbH
3suisees.fr,3suisees.fr,20-sep-2023,1695168000.0,KEY-SYSTEMS GmbH
3dbourso.fr,3dbourso.fr,14-oct-2023,1697241600.0,SAS Ligne Web Services - LWS
3suissses.fr,3suissses.fr,20-sep-2023,1695168000.0,KEY-SYSTEMS GmbH
3suisss.fr,3suisss.fr,20-sep-2023,1695168000.0,KEY-SYSTEMS GmbH
3886.wf,3886.wf,10-aug-2023,1691625600.0,GRANSY s.r.o.
4024.pm,4024.pm,12-jul-2023,1689120000.0,GANDI
4087.yt,4087.yt,23-sep-2023,1695427200.0,Hosting Concepts B.V. d/b/a Openprovider
4185.pm,4185.pm,12-jul-2023,1689120000.0,GANDI
4171.yt,4171.yt,23-sep-2023,1695427200.0,Hosting Concepts B.V. d/b/a Openprovider
41.wf,41.wf,24-jun-2023,1687564800.0,GRANSY s.r.o.
4189.pm,4189.pm,08-jul-2023,1688774400.0,GANDI
4228.wf,4228.wf,10-aug-2023,1691625600.0,GRANSY s.r.o.
4248.tf,4248.tf,11-aug-2023,1691712000.0,GRANSY s.r.o.
4049.wf,4049.wf,10-aug-2023,1691625600.0,GRANSY s.r.o.
4261.tf,4261.tf,11-aug-2023,1691712000.0,GRANSY s.r.o.
4153.pm,4153.pm,10-jul-2023,1688947200.0,Hosting Concepts B.V. d/b/a Openprovider
4272.wf,4272.wf,18-aug-2023,1692316800.0,GANDI
42ll.fr,42ll.fr,20-sep-2023,1695168000.0,KEY-SYSTEMS GmbH
4310.yt,4310.yt,25-aug-2023,1692921600.0,GANDI
4331.yt,4331.yt,26-aug-2023,1693008000.0,GRANSY s.r.o.
4037.wf,4037.wf,18-aug-2023,1692316800.0,GRANSY s.r.o.
4257.yt,4257.yt,09-aug-2023,1691539200.0,GRANSY s.r.o.
4457.pm,4457.pm,08-jul-2023,1688774400.0,GANDI
4480.wf,4480.wf,18-aug-2023,1692316800.0,GANDI
4537.pm,4537.pm,10-jul-2023,1688947200.0,GANDI
4550.yt,4550.yt,23-aug-2023,1692748800.0,GANDI
4561.yt,4561.yt,23-aug-2023,1692748800.0,GANDI
4429.wf,4429.wf,10-aug-2023,1691625600.0,GRANSY s.r.o.
4449.wf,4449.wf,18-aug-2023,1692316800.0,GRANSY s.r.o.
4621.pm,4621.pm,08-jul-2023,1688774400.0,Hosting Concepts B.V. d/b/a Openprovider
4623.wf,4623.wf,10-aug-2023,1691625600.0,GANDI
4517.pm,4517.pm,10-jul-2023,1688947200.0,Hosting Concepts B.V. d/b/a Openprovider
4570.yt,4570.yt,08-aug-2023,1691452800.0,GRANSY s.r.o.
4612.yt,4612.yt,09-aug-2023,1691539200.0,GRANSY s.r.o.
4616.wf,4616.wf,10-aug-2023,1691625600.0,GRANSY s.r.o.
4682.pm,4682.pm,08-jul-2023,1688774400.0,Hosting Concepts B.V. d/b/a Openprovider
4625.fr,4625.fr,16-jun-2023,1686873600.0,1API GmbH
4631.pm,4631.pm,10-jul-2023,1688947200.0,Hosting Concepts B.V. d/b/a Openprovider
4687.yt,4687.yt,06-aug-2023,1691280000.0,GRANSY s.r.o.
4632.yt,4632.yt,09-aug-2023,1691539200.0,GRANSY s.r.o.
4696.wf,4696.wf,18-aug-2023,1692316800.0,GANDI
4703.pm,4703.pm,23-jun-2023,1687478400.0,GANDI
4651.pm,4651.pm,10-jul-2023,1688947200.0,Hosting Concepts B.V. d/b/a Openprovider
4756.wf,4756.wf,10-aug-2023,1691625600.0,GRANSY s.r.o.
4683.yt,4683.yt,08-aug-2023,1691452800.0,GRANSY s.r.o.
4759.yt,4759.yt,08-aug-2023,1691452800.0,GANDI
4767.tf,4767.tf,11-aug-2023,1691712000.0,GANDI
4685.pm,4685.pm,10-jul-2023,1688947200.0,Hosting Concepts B.V. d/b/a Openprovider
4785.yt,4785.yt,23-aug-2023,1692748800.0,GANDI
4735.tf,4735.tf,12-aug-2023,1691798400.0,GRANSY s.r.o.
4812.pm,4812.pm,10-jul-2023,1688947200.0,Hosting Concepts B.V. d/b/a Openprovider
4813.pm,4813.pm,10-jul-2023,1688947200.0,Hosting Concepts B.V. d/b/a Openprovider
4825.yt,4825.yt,10-aug-2023,1691625600.0,GRANSY s.r.o.
4815.wf,4815.wf,18-aug-2023,1692316800.0,GRANSY s.r.o.
4827.yt,4827.yt,25-aug-2023,1692921600.0,GANDI
4727.tf,4727.tf,11-aug-2023,1691712000.0,GRANSY s.r.o.
4821.yt,4821.yt,08-aug-2023,1691452800.0,GRANSY s.r.o.
4826.fr,4826.fr,16-jun-2023,1686873600.0,1API GmbH
4895.wf,4895.wf,10-aug-2023,1691625600.0,GRANSY s.r.o.
4831.fr,4831.fr,16-jun-2023,1686873600.0,1API GmbH
48.tf,48.tf,19-jul-2023,1689724800.0,GRANSY s.r.o.
4922.pm,4922.pm,12-jul-2023,1689120000.0,GANDI
4927.pm,4927.pm,08-jul-2023,1688774400.0,GANDI
4827.wf,4827.wf,22-aug-2023,1692662400.0,GRANSY s.r.o.
4839.wf,4839.wf,10-aug-2023,1691625600.0,GRANSY s.r.o.
4elephants.fr,4elephants.fr,20-sep-2023,1695168000.0,KEY-SYSTEMS GmbH
4ucampus.fr,4ucampus.fr,20-sep-2023,1695168000.0,KEY-SYSTEMS GmbH
4980.yt,4980.yt,23-sep-2023,1695427200.0,Hosting Concepts B.V. d/b/a Openprovider
500affiliates.fr,500affiliates.fr,20-sep-2023,1695168000.0,KEY-SYSTEMS GmbH
4860.pm,4860.pm,10-jul-2023,1688947200.0,Hosting Concepts B.V. d/b/a Openprovider
5036.wf,5036.wf,22-aug-2023,1692662400.0,GRANSY s.r.o.
5055.pm,5055.pm,12-jul-2023,1689120000.0,GANDI
5055.yt,5055.yt,26-aug-2023,1693008000.0,GRANSY s.r.o.
4945.wf,4945.wf,18-aug-2023,1692316800.0,GRANSY s.r.o.
5070.wf,5070.wf,10-aug-2023,1691625600.0,GRANSY s.r.o.
5058.yt,5058.yt,23-sep-2023,1695427200.0,Hosting Concepts B.V. d/b/a Openprovider
5081.yt,5081.yt,06-aug-2023,1691280000.0,GRANSY s.r.o.
5004.wf,5004.wf,18-aug-2023,1692316800.0,GRANSY s.r.o.
5130.pm,5130.pm,12-jul-2023,1689120000.0,GANDI
5072.yt,5072.yt,09-aug-2023,1691539200.0,GRANSY s.r.o.
5073.yt,5073.yt,08-aug-2023,1691452800.0,GRANSY s.r.o.
5134.yt,5134.yt,24-aug-2023,1692835200.0,GANDI
5147.yt,5147.yt,24-aug-2023,1692835200.0,GANDI
5102.yt,5102.yt,07-aug-2023,1691366400.0,GRANSY s.r.o.
5155.wf,5155.wf,10-aug-2023,1691625600.0,GRANSY s.r.o.
5107.yt,5107.yt,08-aug-2023,1691452800.0,GRANSY s.r.o.
5135.wf,5135.wf,10-aug-2023,1691625600.0,GRANSY s.r.o.
5163.wf,5163.wf,10-aug-2023,1691625600.0,GRANSY s.r.o.
5163.yt,5163.yt,26-aug-2023,1693008000.0,GRANSY s.r.o.
5164.fr,5164.fr,16-jun-2023,1686873600.0,1API GmbH
5186.pm,5186.pm,08-jul-2023,1688774400.0,GANDI
5174.fr,5174.fr,16-jun-2023,1686873600.0,1API GmbH
5197.pm,5197.pm,09-jul-2023,1688860800.0,GANDI
5202.pm,5202.pm,10-jul-2023,1688947200.0,GANDI
5209.pm,5209.pm,10-jul-2023,1688947200.0,GANDI
5213.yt,5213.yt,08-aug-2023,1691452800.0,GRANSY s.r.o.
5192.fr,5192.fr,16-jun-2023,1686873600.0,1API GmbH
5162.wf,5162.wf,18-aug-2023,1692316800.0,GRANSY s.r.o.
5249.wf,5249.wf,10-aug-2023,1691625600.0,GRANSY s.r.o.
5240.tf,5240.tf,12-aug-2023,1691798400.0,GRANSY s.r.o.
5263.wf,5263.wf,11-aug-2023,1691712000.0,GRANSY s.r.o.
5319.pm,5319.pm,10-jul-2023,1688947200.0,GANDI
5282.yt,5282.yt,26-aug-2023,1693008000.0,GRANSY s.r.o.
5332.pm,5332.pm,08-jul-2023,1688774400.0,GANDI
533.wf,533.wf,18-aug-2023,1692316800.0,GANDI
5360.yt,5360.yt,07-aug-2023,1691366400.0,GRANSY s.r.o.
5326.yt,5326.yt,07-aug-2023,1691366400.0,GRANSY s.r.o.
5361.wf,5361.wf,10-aug-2023,1691625600.0,GRANSY s.r.o.
5305.tf,5305.tf,11-aug-2023,1691712000.0,GRANSY s.r.o.
5370.yt,5370.yt,09-aug-2023,1691539200.0,GRANSY s.r.o.
5387.yt,5387.yt,25-aug-2023,1692921600.0,GANDI
5402.wf,5402.wf,10-aug-2023,1691625600.0,GRANSY s.r.o.
5424.tf,5424.tf,11-aug-2023,1691712000.0,GANDI
5412.pm,5412.pm,08-jul-2023,1688774400.0,Hosting Concepts B.V. d/b/a Openprovider
5487.pm,5487.pm,17-jul-2023,1689552000.0,GANDI
5506.pm,5506.pm,10-jul-2023,1688947200.0,GANDI
552.wf,552.wf,18-aug-2023,1692316800.0,GANDI
5372.wf,5372.wf,11-aug-2023,1691712000.0,GRANSY s.r.o.
555.re,555.re,18-jun-2023,1687046400.0,GRANSY s.r.o.
5368.wf,5368.wf,23-aug-2023,1692748800.0,GRANSY s.r.o.
555.yt,555.yt,26-jun-2023,1687737600.0,GRANSY s.r.o.
5612.yt,5612.yt,08-aug-2023,1691452800.0,GANDI
5593.wf,5593.wf,18-aug-2023,1692316800.0,GANDI
5650.pm,5650.pm,10-jul-2023,1688947200.0,GANDI
5656.pm,5656.pm,08-jul-2023,1688774400.0,GANDI
5521.wf,5521.wf,18-aug-2023,1692316800.0,GRANSY s.r.o.
5678.yt,5678.yt,27-jun-2023,1687824000.0,GRANSY s.r.o.
5659.yt,5659.yt,23-aug-2023,1692748800.0,GANDI
567.yt,567.yt,23-jun-2023,1687478400.0,GRANSY s.r.o.
5683.wf,5683.wf,18-aug-2023,1692316800.0,GANDI
5696.pm,5696.pm,23-jun-2023,1687478400.0,GANDI
5627.wf,5627.wf,11-aug-2023,1691712000.0,GRANSY s.r.o.
5641.yt,5641.yt,07-aug-2023,1691366400.0,GRANSY s.r.o.
5645.pm,5645.pm,10-jul-2023,1688947200.0,Hosting Concepts B.V. d/b/a Openprovider
5730.yt,5730.yt,07-aug-2023,1691366400.0,GRANSY s.r.o.
5731.pm,5731.pm,12-jul-2023,1689120000.0,GANDI
5742.pm,5742.pm,12-jul-2023,1689120000.0,GANDI
5789.tf,5789.tf,11-aug-2023,1691712000.0,GANDI
5801.pm,5801.pm,10-jul-2023,1688947200.0,GANDI
5713.yt,5713.yt,06-aug-2023,1691280000.0,GRANSY s.r.o.
5726.yt,5726.yt,07-aug-2023,1691366400.0,GRANSY s.r.o.
5806.pm,5806.pm,09-jul-2023,1688860800.0,GANDI
5815.wf,5815.wf,10-aug-2023,1691625600.0,GRANSY s.r.o.
5767.fr,5767.fr,16-aug-2023,1692144000.0,GRANSY s.r.o.
5845.pm,5845.pm,08-jul-2023,1688774400.0,GANDI
5781.pm,5781.pm,10-jul-2023,1688947200.0,Hosting Concepts B.V. d/b/a Openprovider
5852.wf,5852.wf,18-aug-2023,1692316800.0,GANDI
5869.yt,5869.yt,23-aug-2023,1692748800.0,GANDI
5879.wf,5879.wf,22-aug-2023,1692662400.0,GANDI
5883.pm,5883.pm,08-jul-2023,1688774400.0,GANDI
5901.yt,5901.yt,10-aug-2023,1691625600.0,GRANSY s.r.o.
5889.tf,5889.tf,11-aug-2023,1691712000.0,GANDI
5925.pm,5925.pm,10-jul-2023,1688947200.0,GANDI
5816.yt,5816.yt,09-aug-2023,1691539200.0,GRANSY s.r.o.
5821.yt,5821.yt,06-aug-2023,1691280000.0,GRANSY s.r.o.
5927.yt,5927.yt,25-aug-2023,1692921600.0,GANDI
5930.pm,5930.pm,17-jul-2023,1689552000.0,GANDI
5842.yt,5842.yt,08-aug-2023,1691452800.0,GRANSY s.r.o.
5934.yt,5934.yt,23-aug-2023,1692748800.0,GANDI
5948.yt,5948.yt,08-aug-2023,1691452800.0,GANDI
5990.yt,5990.yt,23-aug-2023,1692748800.0,GANDI
6018.pm,6018.pm,10-jul-2023,1688947200.0,GANDI
6028.yt,6028.yt,08-aug-2023,1691452800.0,GRANSY s.r.o.
6082.yt,6082.yt,07-aug-2023,1691366400.0,GRANSY s.r.o.
5gmobilestore.fr,5gmobilestore.fr,03-sep-2023,1693699200.0,SAS Ligne Web Services - LWS
5982.wf,5982.wf,18-aug-2023,1692316800.0,GRANSY s.r.o.
5980.pm,5980.pm,10-jul-2023,1688947200.0,Hosting Concepts B.V. d/b/a Openprovider
6103.pm,6103.pm,09-jul-2023,1688860800.0,GANDI
60.yt,60.yt,13-jul-2023,1689206400.0,GRANSY s.r.o.
6107.yt,6107.yt,08-aug-2023,1691452800.0,GANDI
6051.yt,6051.yt,09-aug-2023,1691539200.0,GRANSY s.r.o.
6123.pm,6123.pm,18-jun-2023,1687046400.0,GANDI
6083.wf,6083.wf,11-aug-2023,1691712000.0,GRANSY s.r.o.
6132.pm,6132.pm,23-sep-2023,1695427200.0,GRANSY s.r.o.
6132.re,6132.re,23-sep-2023,1695427200.0,GRANSY s.r.o.
6132.tf,6132.tf,23-sep-2023,1695427200.0,GRANSY s.r.o.
6132.wf,6132.wf,23-sep-2023,1695427200.0,GRANSY s.r.o.
6132.yt,6132.yt,23-sep-2023,1695427200.0,GRANSY s.r.o.
6137.pm,6137.pm,12-jul-2023,1689120000.0,GANDI
6137.yt,6137.yt,07-aug-2023,1691366400.0,GRANSY s.r.o.
6119.pm,6119.pm,08-sep-2023,1694131200.0,Hosting Concepts B.V. d/b/a Openprovider
6166.tf,6166.tf,11-aug-2023,1691712000.0,GANDI
6137.fr,6137.fr,16-jun-2023,1686873600.0,1API GmbH
6173.pm,6173.pm,10-jul-2023,1688947200.0,GANDI
6175.pm,6175.pm,19-jul-2023,1689724800.0,GANDI
6095.wf,6095.wf,10-aug-2023,1691625600.0,GRANSY s.r.o.
6182.yt,6182.yt,07-aug-2023,1691366400.0,GRANSY s.r.o.
6179.pm,6179.pm,12-jul-2023,1689120000.0,GANDI
6193.pm,6193.pm,08-jul-2023,1688774400.0,GANDI
6136.yt,6136.yt,26-aug-2023,1693008000.0,GRANSY s.r.o.
6202.pm,6202.pm,06-jul-2023,1688601600.0,GRANSY s.r.o.
6202.re,6202.re,06-jul-2023,1688601600.0,GRANSY s.r.o.
6202.tf,6202.tf,06-jul-2023,1688601600.0,GRANSY s.r.o.
6202.wf,6202.wf,06-jul-2023,1688601600.0,GRANSY s.r.o.
6202.yt,6202.yt,06-jul-2023,1688601600.0,GRANSY s.r.o.
6229.wf,6229.wf,18-aug-2023,1692316800.0,GANDI
6172.wf,6172.wf,11-aug-2023,1691712000.0,GRANSY s.r.o.
6252.wf,6252.wf,22-aug-2023,1692662400.0,GANDI
6213.yt,6213.yt,07-aug-2023,1691366400.0,GRANSY s.r.o.
6284.yt,6284.yt,07-aug-2023,1691366400.0,GRANSY s.r.o.
6196.wf,6196.wf,18-aug-2023,1692316800.0,GRANSY s.r.o.
6248.wf,6248.wf,18-aug-2023,1692316800.0,GRANSY s.r.o.
6254.yt,6254.yt,08-aug-2023,1691452800.0,GRANSY s.r.o.
6318.pm,6318.pm,17-jul-2023,1689552000.0,GANDI
6310.pm,6310.pm,10-jul-2023,1688947200.0,GANDI
6321.pm,6321.pm,09-jul-2023,1688860800.0,GANDI
6345.pm,6345.pm,08-jul-2023,1688774400.0,GANDI
6283.yt,6283.yt,06-aug-2023,1691280000.0,GRANSY s.r.o.
6375.yt,6375.yt,08-aug-2023,1691452800.0,GRANSY s.r.o.
6392.pm,6392.pm,08-jul-2023,1688774400.0,GANDI
6361.fr,6361.fr,16-jun-2023,1686873600.0,1API GmbH
6285.yt,6285.yt,06-aug-2023,1691280000.0,GRANSY s.r.o.
6422.pm,6422.pm,08-jul-2023,1688774400.0,Hosting Concepts B.V. d/b/a Openprovider
6456.pm,6456.pm,08-jul-2023,1688774400.0,GANDI
6382.tf,6382.tf,12-aug-2023,1691798400.0,GRANSY s.r.o.
6476.yt,6476.yt,24-aug-2023,1692835200.0,GANDI
6419.wf,6419.wf,18-aug-2023,1692316800.0,GRANSY s.r.o.
6423.pm,6423.pm,10-jul-2023,1688947200.0,Hosting Concepts B.V. d/b/a Openprovider
6366.wf,6366.wf,10-aug-2023,1691625600.0,GRANSY s.r.o.
6473.yt,6473.yt,09-aug-2023,1691539200.0,GRANSY s.r.o.
6543.yt,6543.yt,25-aug-2023,1692921600.0,GANDI
6512.wf,6512.wf,18-aug-2023,1692316800.0,GRANSY s.r.o.
6532.wf,6532.wf,10-aug-2023,1691625600.0,GRANSY s.r.o.
6541.wf,6541.wf,18-aug-2023,1692316800.0,GRANSY s.r.o.
6581.yt,6581.yt,06-aug-2023,1691280000.0,GRANSY s.r.o.
6590.yt,6590.yt,08-aug-2023,1691452800.0,GRANSY s.r.o.
6542.wf,6542.wf,11-aug-2023,1691712000.0,GRANSY s.r.o.
65923.paris,65923.paris,16-may-2023,1684195200.0,GoDaddy.com LLC
6620.tf,6620.tf,11-aug-2023,1691712000.0,GANDI
6631.pm,6631.pm,08-jul-2023,1688774400.0,GANDI
6547.pm,6547.pm,29-jun-2023,1687996800.0,GRANSY s.r.o.
6646.pm,6646.pm,09-jul-2023,1688860800.0,GANDI
6678.pm,6678.pm,08-jul-2023,1688774400.0,GANDI
6693.wf,6693.wf,22-aug-2023,1692662400.0,GANDI
6573.yt,6573.yt,09-aug-2023,1691539200.0,GRANSY s.r.o.
6721.yt,6721.yt,08-aug-2023,1691452800.0,GRANSY s.r.o.
6731.wf,6731.wf,10-aug-2023,1691625600.0,GRANSY s.r.o.
6732.yt,6732.yt,06-aug-2023,1691280000.0,GRANSY s.r.o.
6668.wf,6668.wf,10-aug-2023,1691625600.0,GRANSY s.r.o.
6768.yt,6768.yt,24-aug-2023,1692835200.0,GANDI
6725.yt,6725.yt,07-aug-2023,1691366400.0,GRANSY s.r.o.
6777.tf,6777.tf,11-aug-2023,1691712000.0,GRANSY s.r.o.
6731.yt,6731.yt,08-aug-2023,1691452800.0,GRANSY s.r.o.
678.pm,678.pm,23-jun-2023,1687478400.0,GRANSY s.r.o.
6789.pm,6789.pm,08-jul-2023,1688774400.0,GANDI
678.wf,678.wf,27-jun-2023,1687824000.0,GRANSY s.r.o.
6742.wf,6742.wf,10-aug-2023,1691625600.0,GRANSY s.r.o.
6671.wf,6671.wf,18-aug-2023,1692316800.0,GRANSY s.r.o.
6794.pm,6794.pm,08-jul-2023,1688774400.0,GANDI
6801.yt,6801.yt,08-aug-2023,1691452800.0,GANDI
6802.yt,6802.yt,08-aug-2023,1691452800.0,GRANSY s.r.o.
6812.pm,6812.pm,10-jul-2023,1688947200.0,Hosting Concepts B.V. d/b/a Openprovider
6857.yt,6857.yt,09-aug-2023,1691539200.0,GRANSY s.r.o.
6862.wf,6862.wf,10-aug-2023,1691625600.0,GRANSY s.r.o.
678.yt,678.yt,26-jun-2023,1687737600.0,GRANSY s.r.o.
6911.pm,6911.pm,12-jul-2023,1689120000.0,GANDI
68963.yt,68963.yt,18-sep-2023,1694995200.0,Hosting Concepts B.V. d/b/a Openprovider
68sd.yt,68sd.yt,17-sep-2023,1694908800.0,Hosting Concepts B.V. d/b/a Openprovider
6958.fr,6958.fr,18-sep-2023,1694995200.0,GRANSY s.r.o.
6958.re,6958.re,18-sep-2023,1694995200.0,GRANSY s.r.o.
6958.pm,6958.pm,18-sep-2023,1694995200.0,GRANSY s.r.o.
6958.tf,6958.tf,18-sep-2023,1694995200.0,GRANSY s.r.o.
6paly.fr,6paly.fr,20-sep-2023,1695168000.0,KEY-SYSTEMS GmbH
6range.fr,6range.fr,26-aug-2023,1693008000.0,KEY-SYSTEMS GmbH
70103.paris,70103.paris,16-may-2023,1684195200.0,1API GmbH
70102.paris,70102.paris,13-may-2023,1683936000.0,1API GmbH
70101.paris,70101.paris,13-may-2023,1683936000.0,1API GmbH
6958.wf,6958.wf,18-sep-2023,1694995200.0,GRANSY s.r.o.
70104.paris,70104.paris,16-may-2023,1684195200.0,1API GmbH
70107.paris,70107.paris,16-may-2023,1684195200.0,1API GmbH
70105.paris,70105.paris,16-may-2023,1684195200.0,1API GmbH
70106.paris,70106.paris,16-may-2023,1684195200.0,1API GmbH
6958.yt,6958.yt,18-sep-2023,1694995200.0,GRANSY s.r.o.
70109.paris,70109.paris,16-may-2023,1684195200.0,1API GmbH
70108.paris,70108.paris,16-may-2023,1684195200.0,1API GmbH
70110.paris,70110.paris,25-may-2023,1684972800.0,1API GmbH
70111.paris,70111.paris,25-may-2023,1684972800.0,1API GmbH
70112.paris,70112.paris,25-may-2023,1684972800.0,1API GmbH
70114.paris,70114.paris,25-may-2023,1684972800.0,1API GmbH
70113.paris,70113.paris,25-may-2023,1684972800.0,1API GmbH
70115.paris,70115.paris,25-may-2023,1684972800.0,1API GmbH
7038.yt,7038.yt,09-aug-2023,1691539200.0,GRANSY s.r.o.
7106.pm,7106.pm,17-jul-2023,1689552000.0,GANDI
7134.yt,7134.yt,26-aug-2023,1693008000.0,GRANSY s.r.o.
7159.pm,7159.pm,10-jul-2023,1688947200.0,GANDI
7141.yt,7141.yt,26-aug-2023,1693008000.0,GRANSY s.r.o.
7163.pm,7163.pm,17-jul-2023,1689552000.0,GANDI
7184.yt,7184.yt,07-aug-2023,1691366400.0,GRANSY s.r.o.
7181.yt,7181.yt,23-sep-2023,1695427200.0,Hosting Concepts B.V. d/b/a Openprovider
7215.yt,7215.yt,07-aug-2023,1691366400.0,GRANSY s.r.o.
7236.wf,7236.wf,10-aug-2023,1691625600.0,GRANSY s.r.o.
7237.yt,7237.yt,25-aug-2023,1692921600.0,GANDI
7042.wf,7042.wf,22-aug-2023,1692662400.0,GRANSY s.r.o.
7240.yt,7240.yt,08-aug-2023,1691452800.0,GRANSY s.r.o.
7241.yt,7241.yt,26-aug-2023,1693008000.0,GRANSY s.r.o.
7147.wf,7147.wf,22-aug-2023,1692662400.0,GRANSY s.r.o.
7260.pm,7260.pm,10-jul-2023,1688947200.0,GANDI
7196.yt,7196.yt,09-aug-2023,1691539200.0,GRANSY s.r.o.
7275.yt,7275.yt,23-sep-2023,1695427200.0,Hosting Concepts B.V. d/b/a Openprovider
7264.fr,7264.fr,16-jun-2023,1686873600.0,1API GmbH
7239.wf,7239.wf,10-aug-2023,1691625600.0,GRANSY s.r.o.
7248.yt,7248.yt,09-aug-2023,1691539200.0,GRANSY s.r.o.
7315.yt,7315.yt,07-aug-2023,1691366400.0,GRANSY s.r.o.
7271.pm,7271.pm,08-sep-2023,1694131200.0,Hosting Concepts B.V. d/b/a Openprovider
7316.pm,7316.pm,09-jul-2023,1688860800.0,GANDI
7318.pm,7318.pm,08-jul-2023,1688774400.0,GANDI
7342.yt,7342.yt,10-aug-2023,1691625600.0,GRANSY s.r.o.
7344.pm,7344.pm,08-jul-2023,1688774400.0,GANDI
7348.pm,7348.pm,08-jul-2023,1688774400.0,GANDI
7285.yt,7285.yt,07-aug-2023,1691366400.0,GRANSY s.r.o.
7350.yt,7350.yt,07-aug-2023,1691366400.0,GRANSY s.r.o.
7352.yt,7352.yt,06-aug-2023,1691280000.0,GRANSY s.r.o.
7306.yt,7306.yt,09-aug-2023,1691539200.0,GRANSY s.r.o.
7360.yt,7360.yt,06-aug-2023,1691280000.0,GRANSY s.r.o.
7315.wf,7315.wf,11-aug-2023,1691712000.0,GRANSY s.r.o.
7366.tf,7366.tf,11-aug-2023,1691712000.0,GANDI
7366.wf,7366.wf,18-aug-2023,1692316800.0,GANDI
7384.pm,7384.pm,12-jul-2023,1689120000.0,GANDI
7448.wf,7448.wf,18-aug-2023,1692316800.0,GANDI
7436.yt,7436.yt,23-sep-2023,1695427200.0,Hosting Concepts B.V. d/b/a Openprovider
7467.pm,7467.pm,05-jul-2023,1688515200.0,GANDI
7487.wf,7487.wf,10-aug-2023,1691625600.0,GRANSY s.r.o.
7381.yt,7381.yt,07-aug-2023,1691366400.0,GRANSY s.r.o.
7461.yt,7461.yt,08-aug-2023,1691452800.0,GRANSY s.r.o.
7509.pm,7509.pm,12-jul-2023,1689120000.0,GANDI
7513.pm,7513.pm,10-jul-2023,1688947200.0,GANDI
7512.yt,7512.yt,08-aug-2023,1691452800.0,GRANSY s.r.o.
7484.yt,7484.yt,26-aug-2023,1693008000.0,GRANSY s.r.o.
7484.pm,7484.pm,10-jul-2023,1688947200.0,Hosting Concepts B.V. d/b/a Openprovider
7526.yt,7526.yt,07-aug-2023,1691366400.0,GRANSY s.r.o.
7535.pm,7535.pm,19-jul-2023,1689724800.0,GANDI
7537.yt,7537.yt,24-aug-2023,1692835200.0,GANDI
7543.yt,7543.yt,08-aug-2023,1691452800.0,GRANSY s.r.o.
7552.yt,7552.yt,23-aug-2023,1692748800.0,GANDI
7491.fr,7491.fr,16-jun-2023,1686873600.0,1API GmbH
7557.yt,7557.yt,07-aug-2023,1691366400.0,GRANSY s.r.o.
7563.pm,7563.pm,17-jul-2023,1689552000.0,GANDI
7561.pm,7561.pm,10-jul-2023,1688947200.0,GANDI
7585.yt,7585.yt,08-aug-2023,1691452800.0,GANDI
7585.pm,7585.pm,08-jul-2023,1688774400.0,GANDI
75esession.fr,75esession.fr,26-aug-2023,1693008000.0,KEY-SYSTEMS GmbH
7588.wf,7588.wf,18-aug-2023,1692316800.0,GANDI
7605.wf,7605.wf,18-aug-2023,1692316800.0,GANDI
7613.tf,7613.tf,11-aug-2023,1691712000.0,GANDI
7531.wf,7531.wf,11-aug-2023,1691712000.0,GRANSY s.r.o.
7631.pm,7631.pm,12-jul-2023,1689120000.0,GANDI
7580.yt,7580.yt,08-aug-2023,1691452800.0,GRANSY s.r.o.
7586.yt,7586.yt,08-aug-2023,1691452800.0,GRANSY s.r.o.
7624.yt,7624.yt,06-aug-2023,1691280000.0,GRANSY s.r.o.
7628.wf,7628.wf,11-aug-2023,1691712000.0,GRANSY s.r.o.
7639.pm,7639.pm,17-jul-2023,1689552000.0,GANDI
7631.yt,7631.yt,08-aug-2023,1691452800.0,GRANSY s.r.o.
7651.pm,7651.pm,08-jul-2023,1688774400.0,Hosting Concepts B.V. d/b/a Openprovider
7658.tf,7658.tf,11-aug-2023,1691712000.0,GRANSY s.r.o.
7673.wf,7673.wf,22-aug-2023,1692662400.0,GANDI
7685.pm,7685.pm,10-jul-2023,1688947200.0,GANDI
7698.yt,7698.yt,25-aug-2023,1692921600.0,GANDI
770715.paris,770715.paris,29-may-2023,1685318400.0,Name.com LLC
7715.yt,7715.yt,08-aug-2023,1691452800.0,GANDI
7639.wf,7639.wf,18-aug-2023,1692316800.0,GRANSY s.r.o.
7720.tf,7720.tf,11-aug-2023,1691712000.0,GRANSY s.r.o.
7632.wf,7632.wf,10-aug-2023,1691625600.0,GRANSY s.r.o.
7769.pm,7769.pm,12-jul-2023,1689120000.0,GANDI
7770.pm,7770.pm,10-jul-2023,1688947200.0,GANDI
7638.wf,7638.wf,23-aug-2023,1692748800.0,GRANSY s.r.o.
7713.wf,7713.wf,10-aug-2023,1691625600.0,GRANSY s.r.o.
7855.wf,7855.wf,22-aug-2023,1692662400.0,GANDI
7869.pm,7869.pm,08-jul-2023,1688774400.0,GANDI
7749.wf,7749.wf,18-aug-2023,1692316800.0,GRANSY s.r.o.
7871.pm,7871.pm,12-jul-2023,1689120000.0,GANDI
789.pm,789.pm,27-jun-2023,1687824000.0,GRANSY s.r.o.
7846.pm,7846.pm,10-jul-2023,1688947200.0,Hosting Concepts B.V. d/b/a Openprovider
7846.yt,7846.yt,08-aug-2023,1691452800.0,GRANSY s.r.o.
7947.yt,7947.yt,08-aug-2023,1691452800.0,GANDI
7955.pm,7955.pm,10-jul-2023,1688947200.0,GANDI
7960.wf,7960.wf,10-aug-2023,1691625600.0,GRANSY s.r.o.
7960.yt,7960.yt,09-aug-2023,1691539200.0,GRANSY s.r.o.
7941.fr,7941.fr,16-jun-2023,1686873600.0,1API GmbH
7977.tf,7977.tf,11-aug-2023,1691712000.0,GRANSY s.r.o.
7884.yt,7884.yt,26-aug-2023,1693008000.0,GRANSY s.r.o.
7996.wf,7996.wf,18-aug-2023,1692316800.0,GANDI
7frenchweb.fr,7frenchweb.fr,20-sep-2023,1695168000.0,KEY-SYSTEMS GmbH
7jeux.fr,7jeux.fr,20-sep-2023,1695168000.0,KEY-SYSTEMS GmbH
8000.pm,8000.pm,12-jul-2023,1689120000.0,GANDI
7792.wf,7792.wf,23-aug-2023,1692748800.0,GRANSY s.r.o.
8035.wf,8035.wf,22-aug-2023,1692662400.0,GANDI
8050.yt,8050.yt,24-aug-2023,1692835200.0,GANDI
8074.wf,8074.wf,10-aug-2023,1691625600.0,GRANSY s.r.o.
7976.fr,7976.fr,16-aug-2023,1692144000.0,GRANSY s.r.o.
8136.tf,8136.tf,11-aug-2023,1691712000.0,GANDI
8141.yt,8141.yt,24-aug-2023,1692835200.0,GANDI
8053.yt,8053.yt,09-aug-2023,1691539200.0,GRANSY s.r.o.
8174.yt,8174.yt,09-aug-2023,1691539200.0,GRANSY s.r.o.
8131.wf,8131.wf,18-aug-2023,1692316800.0,GRANSY s.r.o.
8222.wf,8222.wf,18-aug-2023,1692316800.0,GANDI
8228.pm,8228.pm,08-jul-2023,1688774400.0,GANDI
8234.yt,8234.yt,25-aug-2023,1692921600.0,GANDI
8162.wf,8162.wf,11-aug-2023,1691712000.0,GRANSY s.r.o.
8250.pm,8250.pm,09-jul-2023,1688860800.0,GANDI
8167.yt,8167.yt,09-aug-2023,1691539200.0,GRANSY s.r.o.
8273.yt,8273.yt,07-aug-2023,1691366400.0,GRANSY s.r.o.
8037.wf,8037.wf,10-aug-2023,1691625600.0,GRANSY s.r.o.
8315.fr,8315.fr,16-jun-2023,1686873600.0,1API GmbH
8326.wf,8326.wf,10-aug-2023,1691625600.0,GRANSY s.r.o.
8266.wf,8266.wf,22-aug-2023,1692662400.0,GRANSY s.r.o.
8264.fr,8264.fr,16-jun-2023,1686873600.0,1API GmbH
8275.yt,8275.yt,08-aug-2023,1691452800.0,GRANSY s.r.o.
835.wf,835.wf,18-aug-2023,1692316800.0,GANDI
8309.fr,8309.fr,16-aug-2023,1692144000.0,GRANSY s.r.o.
8377.tf,8377.tf,11-aug-2023,1691712000.0,GRANSY s.r.o.
8389.pm,8389.pm,08-jul-2023,1688774400.0,GANDI
8391.yt,8391.yt,23-sep-2023,1695427200.0,Hosting Concepts B.V. d/b/a Openprovider
8350.yt,8350.yt,09-aug-2023,1691539200.0,GRANSY s.r.o.
8364.yt,8364.yt,07-aug-2023,1691366400.0,GRANSY s.r.o.
8372.yt,8372.yt,07-aug-2023,1691366400.0,GRANSY s.r.o.
8414.wf,8414.wf,18-aug-2023,1692316800.0,GANDI
8423.pm,8423.pm,08-jul-2023,1688774400.0,Hosting Concepts B.V. d/b/a Openprovider
8466.pm,8466.pm,08-jul-2023,1688774400.0,GANDI
8406.tf,8406.tf,12-aug-2023,1691798400.0,GRANSY s.r.o.
8467.yt,8467.yt,10-aug-2023,1691625600.0,GRANSY s.r.o.
8413.yt,8413.yt,08-aug-2023,1691452800.0,GRANSY s.r.o.
8475.wf,8475.wf,10-aug-2023,1691625600.0,GRANSY s.r.o.
8488.pm,8488.pm,10-jul-2023,1688947200.0,GANDI
8511.yt,8511.yt,23-aug-2023,1692748800.0,GANDI
8420.wf,8420.wf,11-aug-2023,1691712000.0,GRANSY s.r.o.
8520.pm,8520.pm,12-jul-2023,1689120000.0,GANDI
8520.wf,8520.wf,10-aug-2023,1691625600.0,GANDI
8463.pm,8463.pm,10-jul-2023,1688947200.0,Hosting Concepts B.V. d/b/a Openprovider
8520.yt,8520.yt,07-aug-2023,1691366400.0,GRANSY s.r.o.
8552.pm,8552.pm,08-jul-2023,1688774400.0,GANDI
8504.yt,8504.yt,07-aug-2023,1691366400.0,GRANSY s.r.o.
8512.yt,8512.yt,06-aug-2023,1691280000.0,GRANSY s.r.o.
8559.yt,8559.yt,24-aug-2023,1692835200.0,GANDI
8556.wf,8556.wf,22-aug-2023,1692662400.0,GRANSY s.r.o.
8576.wf,8576.wf,10-aug-2023,1691625600.0,GRANSY s.r.o.
8597.yt,8597.yt,09-aug-2023,1691539200.0,GRANSY s.r.o.
8620.wf,8620.wf,18-aug-2023,1692316800.0,GANDI
8622.yt,8622.yt,23-aug-2023,1692748800.0,GANDI
8627.yt,8627.yt,07-aug-2023,1691366400.0,GRANSY s.r.o.
8522.wf,8522.wf,10-aug-2023,1691625600.0,GRANSY s.r.o.
8635.wf,8635.wf,10-aug-2023,1691625600.0,GRANSY s.r.o.
8631.yt,8631.yt,06-aug-2023,1691280000.0,GRANSY s.r.o.
8636.yt,8636.yt,23-aug-2023,1692748800.0,GANDI
8652.fr,8652.fr,16-jun-2023,1686873600.0,GRANSY s.r.o.
8576.yt,8576.yt,09-aug-2023,1691539200.0,GRANSY s.r.o.
8652.wf,8652.wf,22-aug-2023,1692662400.0,GANDI
8659.pm,8659.pm,08-jul-2023,1688774400.0,GANDI
8547.wf,8547.wf,18-aug-2023,1692316800.0,GRANSY s.r.o.
8624.tf,8624.tf,12-aug-2023,1691798400.0,GRANSY s.r.o.
8701.wf,8701.wf,18-aug-2023,1692316800.0,GANDI
8730.yt,8730.yt,06-aug-2023,1691280000.0,GRANSY s.r.o.
8642.wf,8642.wf,11-aug-2023,1691712000.0,GRANSY s.r.o.
8731.yt,8731.yt,07-aug-2023,1691366400.0,GRANSY s.r.o.
8756.yt,8756.yt,25-aug-2023,1692921600.0,GANDI
8652.yt,8652.yt,08-aug-2023,1691452800.0,GRANSY s.r.o.
8773.yt,8773.yt,25-aug-2023,1692921600.0,GANDI
8726.wf,8726.wf,10-aug-2023,1691625600.0,GRANSY s.r.o.
8730.wf,8730.wf,18-aug-2023,1692316800.0,GRANSY s.r.o.
8735.wf,8735.wf,11-aug-2023,1691712000.0,GRANSY s.r.o.
8882.yt,8882.yt,25-aug-2023,1692921600.0,GANDI
8877.yt,8877.yt,24-aug-2023,1692835200.0,GANDI
8770.wf,8770.wf,18-aug-2023,1692316800.0,GRANSY s.r.o.
8902.wf,8902.wf,18-aug-2023,1692316800.0,GANDI
88y.paris,88y.paris,12-may-2023,1683849600.0,GoDaddy.com LLC
8805.wf,8805.wf,18-aug-2023,1692316800.0,GRANSY s.r.o.
8916.pm,8916.pm,08-jul-2023,1688774400.0,GANDI
8tracks.fr,8tracks.fr,20-sep-2023,1695168000.0,KEY-SYSTEMS GmbH
8935.wf,8935.wf,18-aug-2023,1692316800.0,GRANSY s.r.o.
8941.wf,8941.wf,22-aug-2023,1692662400.0,GRANSY s.r.o.
9030.yt,9030.yt,25-aug-2023,1692921600.0,GANDI
8994.pm,8994.pm,08-sep-2023,1694131200.0,Hosting Concepts B.V. d/b/a Openprovider
905.wf,905.wf,18-aug-2023,1692316800.0,GANDI
9091.wf,9091.wf,22-aug-2023,1692662400.0,GANDI
8909.wf,8909.wf,18-aug-2023,1692316800.0,GRANSY s.r.o.
9126.pm,9126.pm,08-jul-2023,1688774400.0,GANDI
90175.yt,90175.yt,18-sep-2023,1694995200.0,Hosting Concepts B.V. d/b/a Openprovider
9158.pm,9158.pm,12-jul-2023,1689120000.0,GANDI
9066.yt,9066.yt,26-aug-2023,1693008000.0,GRANSY s.r.o.
9013.tf,9013.tf,11-aug-2023,1691712000.0,GRANSY s.r.o.
9186.yt,9186.yt,09-aug-2023,1691539200.0,GANDI
9153.wf,9153.wf,18-aug-2023,1692316800.0,GRANSY s.r.o.
9188.yt,9188.yt,09-aug-2023,1691539200.0,GANDI
9189.yt,9189.yt,09-aug-2023,1691539200.0,GANDI
9190.yt,9190.yt,09-aug-2023,1691539200.0,GANDI
9216.pm,9216.pm,08-jul-2023,1688774400.0,GANDI
9191.tf,9191.tf,11-aug-2023,1691712000.0,GRANSY s.r.o.
9235.pm,9235.pm,19-jun-2023,1687132800.0,GANDI
9284.yt,9284.yt,26-aug-2023,1693008000.0,GRANSY s.r.o.
9255.tf,9255.tf,11-aug-2023,1691712000.0,GANDI
9295.pm,9295.pm,08-jul-2023,1688774400.0,GANDI
9317.pm,9317.pm,12-jul-2023,1689120000.0,GANDI
9357.yt,9357.yt,24-aug-2023,1692835200.0,GANDI
9386.pm,9386.pm,12-jul-2023,1689120000.0,GANDI
9395.wf,9395.wf,10-aug-2023,1691625600.0,GRANSY s.r.o.
9400.yt,9400.yt,23-sep-2023,1695427200.0,Hosting Concepts B.V. d/b/a Openprovider
9315.wf,9315.wf,10-aug-2023,1691625600.0,GRANSY s.r.o.
9410.pm,9410.pm,12-jul-2023,1689120000.0,GANDI
9447.pm,9447.pm,12-jul-2023,1689120000.0,GANDI
9384.wf,9384.wf,22-aug-2023,1692662400.0,GRANSY s.r.o.
9484.pm,9484.pm,08-jul-2023,1688774400.0,GANDI
9490.pm,9490.pm,10-jul-2023,1688947200.0,GANDI
9504.yt,9504.yt,26-aug-2023,1693008000.0,GRANSY s.r.o.
9523.pm,9523.pm,17-jul-2023,1689552000.0,GANDI
9396.wf,9396.wf,10-aug-2023,1691625600.0,GRANSY s.r.o.
9529.wf,9529.wf,10-aug-2023,1691625600.0,GRANSY s.r.o.
9553.pm,9553.pm,12-jul-2023,1689120000.0,GANDI
9540.pm,9540.pm,08-jul-2023,1688774400.0,Hosting Concepts B.V. d/b/a Openprovider
9573.pm,9573.pm,12-jul-2023,1689120000.0,GANDI
9272.wf,9272.wf,23-aug-2023,1692748800.0,GRANSY s.r.o.
9583.pm,9583.pm,12-jul-2023,1689120000.0,GANDI
9630.pm,9630.pm,17-jul-2023,1689552000.0,GANDI
95.tf,95.tf,19-jul-2023,1689724800.0,GRANSY s.r.o.
9622.wf,9622.wf,10-aug-2023,1691625600.0,GRANSY s.r.o.
9631.pm,9631.pm,12-jul-2023,1689120000.0,GANDI
9637.pm,9637.pm,10-jul-2023,1688947200.0,GANDI
9635.wf,9635.wf,22-aug-2023,1692662400.0,GRANSY s.r.o.
9648.pm,9648.pm,10-jul-2023,1688947200.0,GANDI
9524.yt,9524.yt,09-aug-2023,1691539200.0,GRANSY s.r.o.
9667.yt,9667.yt,23-sep-2023,1695427200.0,Hosting Concepts B.V. d/b/a Openprovider
9715.pm,9715.pm,10-jul-2023,1688947200.0,GANDI
9716.pm,9716.pm,10-jul-2023,1688947200.0,GANDI
9715.yt,9715.yt,24-aug-2023,1692835200.0,GANDI
9681.fr,9681.fr,16-jun-2023,1686873600.0,1API GmbH
9729.pm,9729.pm,10-jul-2023,1688947200.0,GANDI
9758.wf,9758.wf,10-aug-2023,1691625600.0,GRANSY s.r.o.
9637.yt,9637.yt,09-aug-2023,1691539200.0,GRANSY s.r.o.
9764.pm,9764.pm,08-jul-2023,1688774400.0,GANDI
9768.wf,9768.wf,18-aug-2023,1692316800.0,GANDI
9771.wf,9771.wf,10-aug-2023,1691625600.0,GRANSY s.r.o.
9777.pm,9777.pm,10-jul-2023,1688947200.0,GANDI
9777.tf,9777.tf,11-aug-2023,1691712000.0,GANDI
9786.wf,9786.wf,10-aug-2023,1691625600.0,GANDI
9816.wf,9816.wf,10-aug-2023,1691625600.0,GRANSY s.r.o.
9817.wf,9817.wf,18-aug-2023,1692316800.0,GANDI
9817.yt,9817.yt,25-aug-2023,1692921600.0,GANDI
98zr.yt,98zr.yt,17-sep-2023,1694908800.0,Hosting Concepts B.V. d/b/a Openprovider
9791.wf,9791.wf,10-aug-2023,1691625600.0,GRANSY s.r.o.
9920.wf,9920.wf,10-aug-2023,1691625600.0,GRANSY s.r.o.
9871.pm,9871.pm,10-jul-2023,1688947200.0,Hosting Concepts B.V. d/b/a Openprovider
9907.wf,9907.wf,10-aug-2023,1691625600.0,GRANSY s.r.o.
9728.wf,9728.wf,10-aug-2023,1691625600.0,GRANSY s.r.o.
9950.tf,9950.tf,11-aug-2023,1691712000.0,GRANSY s.r.o.
9956.wf,9956.wf,18-aug-2023,1692316800.0,GANDI
9969.pm,9969.pm,10-jul-2023,1688947200.0,GANDI
9914.pm,9914.pm,08-sep-2023,1694131200.0,Hosting Concepts B.V. d/b/a Openprovider
9990.pm,9990.pm,10-jul-2023,1688947200.0,GANDI
9989.yt,9989.yt,23-sep-2023,1695427200.0,Hosting Concepts B.V. d/b/a Openprovider
9993.pm,9993.pm,08-jul-2023,1688774400.0,GANDI
9995.pm,9995.pm,10-jul-2023,1688947200.0,GANDI
a2a-ascenceurs.fr,a2a-ascenceurs.fr,20-sep-2023,1695168000.0,KEY-SYSTEMS GmbH
aaam.fr,aaam.fr,20-sep-2023,1695168000.0,KEY-SYSTEMS GmbH
aac-lyon.fr,aac-lyon.fr,20-sep-2023,1695168000.0,KEY-SYSTEMS GmbH
aacom.fr,aacom.fr,20-sep-2023,1695168000.0,KEY-SYSTEMS GmbH
aalocine.fr,aalocine.fr,26-aug-2023,1693008000.0,KEY-SYSTEMS GmbH
aaos.fr,aaos.fr,21-sep-2023,1695254400.0,KEY-SYSTEMS GmbH
aamazone.fr,aamazone.fr,01-mar-2023,1677628800.0,InterNetX GmbH
aassniper98.fr,aassniper98.fr,21-sep-2023,1695254400.0,KEY-SYSTEMS GmbH
abchina.fr,abchina.fr,21-sep-2023,1695254400.0,KEY-SYSTEMS GmbH
aaon.fr,aaon.fr,11-jun-2023,1686441600.0,GANDI
9929.yt,9929.yt,26-aug-2023,1693008000.0,GRANSY s.r.o.
abo-netflx.fr,abo-netflx.fr,04-sep-2023,1693785600.0,KEY-SYSTEMS GmbH
abonnement-actif.fr,abonnement-actif.fr,13-jul-2023,1689206400.0,KEY-SYSTEMS GmbH
abobemax.fr,abobemax.fr,05-oct-2023,1696464000.0,PLANETHOSTER
abonnement-compte.fr,abonnement-compte.fr,02-sep-2023,1693612800.0,KEY-SYSTEMS GmbH
abonnement-coriolis.fr,abonnement-coriolis.fr,14-oct-2023,1697241600.0,OVH
abonnement-disney.fr,abonnement-disney.fr,07-aug-2023,1691366400.0,Hosting Concepts B.V. d/b/a Openprovider
abonnement-impayer.fr,abonnement-impayer.fr,22-oct-2023,1697932800.0,KEY-SYSTEMS GmbH
abonnement-netfiix.fr,abonnement-netfiix.fr,22-sep-2023,1695340800.0,KEY-SYSTEMS GmbH
abonnements-client.fr,abonnements-client.fr,04-jun-2023,1685836800.0,KEY-SYSTEMS GmbH
abonnements-netflix.fr,abonnements-netflix.fr,17-jul-2023,1689552000.0,KEY-SYSTEMS GmbH
abonnements-services.fr,abonnements-services.fr,24-aug-2023,1692835200.0,1API GmbH
aboweb.fr,aboweb.fr,21-sep-2023,1695254400.0,KEY-SYSTEMS GmbH
abpmp.fr,abpmp.fr,21-sep-2023,1695254400.0,KEY-SYSTEMS GmbH
abridecamarque.fr,abridecamarque.fr,21-sep-2023,1695254400.0,KEY-SYSTEMS GmbH
abritle.fr,abritle.fr,21-sep-2023,1695254400.0,KEY-SYSTEMS GmbH
abrittel.fr,abrittel.fr,26-aug-2023,1693008000.0,KEY-SYSTEMS GmbH
abrutel.fr,abrutel.fr,26-aug-2023,1693008000.0,KEY-SYSTEMS GmbH
abrtiel.fr,abrtiel.fr,30-jul-2023,1690675200.0,OVH
abrytel.fr,abrytel.fr,21-sep-2023,1695254400.0,KEY-SYSTEMS GmbH
abshop.fr,abshop.fr,21-sep-2023,1695254400.0,KEY-SYSTEMS GmbH
absolutewrite.fr,absolutewrite.fr,21-sep-2023,1695254400.0,KEY-SYSTEMS GmbH
absolutpc.fr,absolutpc.fr,21-sep-2023,1695254400.0,KEY-SYSTEMS GmbH
absolys.fr,absolys.fr,21-sep-2023,1695254400.0,KEY-SYSTEMS GmbH
abumouslim.fr,abumouslim.fr,21-sep-2023,1695254400.0,KEY-SYSTEMS GmbH
abyssmedia.fr,abyssmedia.fr,21-sep-2023,1695254400.0,KEY-SYSTEMS GmbH
ac6amiens.fr,ac6amiens.fr,21-sep-2023,1695254400.0,KEY-SYSTEMS GmbH
ac6creteil.fr,ac6creteil.fr,21-sep-2023,1695254400.0,KEY-SYSTEMS GmbH
academie-francais.fr,academie-francais.fr,21-sep-2023,1695254400.0,KEY-SYSTEMS GmbH
academie-versailles.fr,academie-versailles.fr,25-aug-2023,1692921600.0,KEY-SYSTEMS GmbH
aca-dijon.fr,aca-dijon.fr,21-sep-2023,1695254400.0,KEY-SYSTEMS GmbH
aca-languedoc.fr,aca-languedoc.fr,21-sep-2023,1695254400.0,KEY-SYSTEMS GmbH
ac-angers.fr,ac-angers.fr,13-sep-2023,1694563200.0,TLD Registrar Solutions Ltd
acanice.fr,acanice.fr,21-sep-2023,1695254400.0,KEY-SYSTEMS GmbH
ac-besabcon.fr,ac-besabcon.fr,21-sep-2023,1695254400.0,KEY-SYSTEMS GmbH
abonneameii.fr,abonneameii.fr,10-jul-2023,1688947200.0,KEY-SYSTEMS GmbH
ac-besanco.fr,ac-besanco.fr,21-sep-2023,1695254400.0,KEY-SYSTEMS GmbH
ac-boredaux.fr,ac-boredaux.fr,21-sep-2023,1695254400.0,KEY-SYSTEMS GmbH
ac-bourdeaux.fr,ac-bourdeaux.fr,21-sep-2023,1695254400.0,KEY-SYSTEMS GmbH
acccountsg-securepass.fr,acccountsg-securepass.fr,18-sep-2023,1694995200.0,KEY-SYSTEMS GmbH
ac-certeil.fr,ac-certeil.fr,21-sep-2023,1695254400.0,KEY-SYSTEMS GmbH
accaen.fr,accaen.fr,27-sep-2023,1695772800.0,OVH
acces-assurance-maladie.fr,acces-assurance-maladie.fr,06-oct-2023,1696550400.0,KEY-SYSTEMS GmbH
acces-caisse-epargne.fr,acces-caisse-epargne.fr,14-oct-2023,1697241600.0,AMEN / Agence des Mdias Numriques
accescanada.fr,accescanada.fr,21-sep-2023,1695254400.0,KEY-SYSTEMS GmbH
acces-netflix.fr,acces-netflix.fr,06-sep-2023,1693958400.0,TLD Registrar Solutions Ltd
acces-particuliers-sg.fr,acces-particuliers-sg.fr,23-sep-2023,1695427200.0,AMEN / Agence des Mdias Numriques
accesdesign.fr,accesdesign.fr,21-sep-2023,1695254400.0,KEY-SYSTEMS GmbH
accesperso-voscompte.fr,accesperso-voscompte.fr,02-aug-2023,1690934400.0,Metaregistrar BV
access-netflix.fr,access-netflix.fr,08-sep-2023,1694131200.0,KEY-SYSTEMS GmbH
acces-societe-generale.fr,acces-societe-generale.fr,20-oct-2023,1697760000.0,AMEN / Agence des Mdias Numriques
acceuil-ameli.fr,acceuil-ameli.fr,18-mar-2023,1679097600.0,Hosting Concepts B.V. d/b/a Openprovider
acceuil-renouv.fr,acceuil-renouv.fr,13-aug-2023,1691884800.0,IONOS SE
acceuil-renouv-info.fr,acceuil-renouv-info.fr,24-sep-2023,1695513600.0,KEY-SYSTEMS GmbH
ac-clermond.fr,ac-clermond.fr,21-sep-2023,1695254400.0,KEY-SYSTEMS GmbH
acc-lille.fr,acc-lille.fr,21-sep-2023,1695254400.0,KEY-SYSTEMS GmbH
acclermont.fr,acclermont.fr,21-sep-2023,1695254400.0,KEY-SYSTEMS GmbH
acc-netflix.fr,acc-netflix.fr,25-oct-2023,1698192000.0,IONOS SE
account-netflix.fr,account-netflix.fr,21-apr-2023,1682035200.0,KEY-SYSTEMS GmbH
account-netflx.fr,account-netflx.fr,18-feb-2023,1676678400.0,KEY-SYSTEMS GmbH
accountpass-securedsg.fr,accountpass-securedsg.fr,19-aug-2023,1692403200.0,KEY-SYSTEMS GmbH
accountpaypal.fr,accountpaypal.fr,21-apr-2023,1682035200.0,KEY-SYSTEMS GmbH
accountsecured-sg.fr,accountsecured-sg.fr,23-aug-2023,1692748800.0,KEY-SYSTEMS GmbH
accountsecuredsg.fr,accountsecuredsg.fr,24-aug-2023,1692835200.0,KEY-SYSTEMS GmbH
accountsecuredsg-pass.fr,accountsecuredsg-pass.fr,04-oct-2023,1696377600.0,KEY-SYSTEMS GmbH
accountsecure-sg.fr,accountsecure-sg.fr,01-oct-2023,1696118400.0,KEY-SYSTEMS GmbH
accountsecuresg.fr,accountsecuresg.fr,04-oct-2023,1696377600.0,KEY-SYSTEMS GmbH
accounts-google.fr,accounts-google.fr,12-sep-2023,1694476800.0,IONOS SE
accountsgpass-secured.fr,accountsgpass-secured.fr,04-oct-2023,1696377600.0,KEY-SYSTEMS GmbH
accountsg-secured.fr,accountsg-secured.fr,21-sep-2023,1695254400.0,KEY-SYSTEMS GmbH
account-sgsecured.fr,account-sgsecured.fr,23-sep-2023,1695427200.0,KEY-SYSTEMS GmbH
accountsgsecured.fr,accountsgsecured.fr,20-aug-2023,1692489600.0,KEY-SYSTEMS GmbH
account-sgsecuredpass.fr,account-sgsecuredpass.fr,13-aug-2023,1691884800.0,KEY-SYSTEMS GmbH
accountsg-securedpass.fr,accountsg-securedpass.fr,22-sep-2023,1695340800.0,KEY-SYSTEMS GmbH
accountsgsecured-pass.fr,accountsgsecured-pass.fr,03-oct-2023,1696291200.0,KEY-SYSTEMS GmbH
accountsg-secure.fr,accountsg-secure.fr,18-sep-2023,1694995200.0,KEY-SYSTEMS GmbH
accountsgsecuredpass.fr,accountsgsecuredpass.fr,09-sep-2023,1694217600.0,KEY-SYSTEMS GmbH
accoo.yt,accoo.yt,17-jul-2023,1689552000.0,GRANSY s.r.o.
accountsgsecure.fr,accountsgsecure.fr,13-sep-2023,1694563200.0,KEY-SYSTEMS GmbH
accountlogin.fr,accountlogin.fr,19-may-2023,1684454400.0,KEY-SYSTEMS GmbH
account-sgsecurepass.fr,account-sgsecurepass.fr,06-sep-2023,1693958400.0,KEY-SYSTEMS GmbH
accountsg-securepass.fr,accountsg-securepass.fr,18-sep-2023,1694995200.0,KEY-SYSTEMS GmbH
accountsgsecure-pass.fr,accountsgsecure-pass.fr,28-sep-2023,1695859200.0,KEY-SYSTEMS GmbH
accountsgsecurepass.fr,accountsgsecurepass.fr,11-sep-2023,1694390400.0,KEY-SYSTEMS GmbH
account-sgsecur.fr,account-sgsecur.fr,27-sep-2023,1695772800.0,KEY-SYSTEMS GmbH
accountsg-secur.fr,accountsg-secur.fr,22-sep-2023,1695340800.0,KEY-SYSTEMS GmbH
account-sgsecurpass.fr,account-sgsecurpass.fr,26-sep-2023,1695686400.0,KEY-SYSTEMS GmbH
accountsgsecuripass.fr,accountsgsecuripass.fr,25-oct-2023,1698192000.0,KEY-SYSTEMS GmbH
accountsg-securpass.fr,accountsg-securpass.fr,22-sep-2023,1695340800.0,KEY-SYSTEMS GmbH
accounts-logins.fr,accounts-logins.fr,21-apr-2023,1682035200.0,AMEN / Agence des Mdias Numriques
accountsgsecurpass.fr,accountsgsecurpass.fr,15-sep-2023,1694736000.0,KEY-SYSTEMS GmbH
account-validation.fr,account-validation.fr,15-may-2023,1684108800.0,SAS Ligne Web Services - LWS
accountsocietegenerale.fr,accountsocietegenerale.fr,28-aug-2023,1693180800.0,KEY-SYSTEMS GmbH
account-validations.fr,account-validations.fr,04-sep-2023,1693785600.0,IONOS SE
account-verification.fr,account-verification.fr,11-sep-2023,1694390400.0,KEY-SYSTEMS GmbH
ac-crerteil.fr,ac-crerteil.fr,26-aug-2023,1693008000.0,KEY-SYSTEMS GmbH
acc-secure.fr,acc-secure.fr,03-oct-2023,1696291200.0,KEY-SYSTEMS GmbH
accueil-ameli.fr,accueil-ameli.fr,24-oct-2023,1698105600.0,KEY-SYSTEMS GmbH
accueil-amelisecure.fr,accueil-amelisecure.fr,19-sep-2023,1695081600.0,Hosting Concepts B.V. d/b/a Openprovider
accueil-canalplus.fr,accueil-canalplus.fr,04-aug-2023,1691107200.0,KEY-SYSTEMS GmbH
accueil-edf.fr,accueil-edf.fr,27-may-2023,1685145600.0,Sarek Oy
accueil-impots.fr,accueil-impots.fr,14-jul-2023,1689292800.0,KEY-SYSTEMS GmbH
accueil-moncompte.fr,accueil-moncompte.fr,02-jul-2023,1688256000.0,KEY-SYSTEMS GmbH
accueil-netflix.fr,accueil-netflix.fr,10-jul-2023,1688947200.0,KEY-SYSTEMS GmbH
accueil-renouvellement.fr,accueil-renouvellement.fr,24-jul-2023,1690156800.0,KEY-SYSTEMS GmbH
accueil-renouv.fr,accueil-renouv.fr,13-aug-2023,1691884800.0,IONOS SE
accueil-snapchat.fr,accueil-snapchat.fr,27-aug-2023,1693094400.0,KEY-SYSTEMS GmbH
accountvalidations.fr,accountvalidations.fr,22-may-2023,1684713600.0,SAS Ligne Web Services - LWS
activation-netfiix.fr,activation-netfiix.fr,18-jul-2023,1689638400.0,KEY-SYSTEMS GmbH
activationsecuripass-sg.fr,activationsecuripass-sg.fr,27-sep-2023,1695772800.0,KEY-SYSTEMS GmbH
activation-securpass.fr,activation-securpass.fr,20-oct-2023,1697760000.0,KEY-SYSTEMS GmbH
activation-sg.fr,activation-sg.fr,29-aug-2023,1693267200.0,KEY-SYSTEMS GmbH
activation-societegenerale.fr,activation-societegenerale.fr,30-aug-2023,1693353600.0,KEY-SYSTEMS GmbH
activation-service.fr,activation-service.fr,18-aug-2023,1692316800.0,KEY-SYSTEMS GmbH
active-cvitale.fr,active-cvitale.fr,05-jul-2023,1688515200.0,KEY-SYSTEMS GmbH
activer-mon-compte-cpf.fr,activer-mon-compte-cpf.fr,13-may-2023,1683936000.0,IONOS SE
activebeat.fr,activebeat.fr,22-sep-2023,1695340800.0,KEY-SYSTEMS GmbH
activeitzone.fr,activeitzone.fr,22-sep-2023,1695340800.0,KEY-SYSTEMS GmbH
activite-clients.fr,activite-clients.fr,11-sep-2023,1694390400.0,GANDI
activites-clients.fr,activites-clients.fr,12-sep-2023,1694476800.0,GANDI
ac-toulouse31.fr,ac-toulouse31.fr,22-sep-2023,1695340800.0,KEY-SYSTEMS GmbH
activtrail.fr,activtrail.fr,20-aug-2023,1692489600.0,KEY-SYSTEMS GmbH
ac-tours-tours.fr,ac-tours-tours.fr,13-sep-2023,1694563200.0,TLD Registrar Solutions Ltd
actualisation-ameli.fr,actualisation-ameli.fr,25-apr-2023,1682380800.0,1API GmbH
actra.fr,actra.fr,22-sep-2023,1695340800.0,KEY-SYSTEMS GmbH
actualisation-info.fr,actualisation-info.fr,25-jul-2023,1690243200.0,KEY-SYSTEMS GmbH
actucameroun.fr,actucameroun.fr,22-sep-2023,1695340800.0,KEY-SYSTEMS GmbH
actuniger.fr,actuniger.fr,22-sep-2023,1695340800.0,KEY-SYSTEMS GmbH
ac-uadeloupe.fr,ac-uadeloupe.fr,22-sep-2023,1695340800.0,KEY-SYSTEMS GmbH
ac-verdailles.fr,ac-verdailles.fr,22-sep-2023,1695340800.0,KEY-SYSTEMS GmbH
aculo.fr,aculo.fr,22-sep-2023,1695340800.0,KEY-SYSTEMS GmbH
ac-versailes.fr,ac-versailes.fr,22-sep-2023,1695340800.0,KEY-SYSTEMS GmbH
ac-versallles.fr,ac-versallles.fr,28-sep-2023,1695859200.0,1API GmbH
ac-versdailles.fr,ac-versdailles.fr,22-sep-2023,1695340800.0,KEY-SYSTEMS GmbH
a-cybertek.fr,a-cybertek.fr,27-sep-2023,1695772800.0,1API GmbH
adam4adam.fr,adam4adam.fr,22-sep-2023,1695340800.0,KEY-SYSTEMS GmbH
addisonlee.fr,addisonlee.fr,22-sep-2023,1695340800.0,KEY-SYSTEMS GmbH
addmefast.fr,addmefast.fr,22-sep-2023,1695340800.0,KEY-SYSTEMS GmbH
addthis.fr,addthis.fr,22-sep-2023,1695340800.0,KEY-SYSTEMS GmbH
adebooks.fr,adebooks.fr,22-sep-2023,1695340800.0,KEY-SYSTEMS GmbH
adef-residences.fr,adef-residences.fr,22-sep-2023,1695340800.0,KEY-SYSTEMS GmbH
adidas-france.fr,adidas-france.fr,11-jul-2023,1689033600.0,GRANSY s.r.o.
adidas-group.fr,adidas-group.fr,29-aug-2023,1693267200.0,Hosting Concepts B.V. d/b/a Openprovider
adht.fr,adht.fr,11-jun-2023,1686441600.0,GANDI
adikteev.fr,adikteev.fr,22-sep-2023,1695340800.0,KEY-SYSTEMS GmbH
actualisationcartevital.fr,actualisationcartevital.fr,13-oct-2023,1697155200.0,KEY-SYSTEMS GmbH
admin-lebon-coin.fr,admin-lebon-coin.fr,08-sep-2023,1694131200.0,KEY-SYSTEMS GmbH
admisson-postbac.fr,admisson-postbac.fr,24-sep-2023,1695513600.0,TLD Registrar Solutions Ltd
adobe-france.fr,adobe-france.fr,18-aug-2023,1692316800.0,One.com A/S
adpays.fr,adpays.fr,22-sep-2023,1695340800.0,KEY-SYSTEMS GmbH
adquantum.fr,adquantum.fr,22-sep-2023,1695340800.0,KEY-SYSTEMS GmbH
advap.fr,advap.fr,22-sep-2023,1695340800.0,KEY-SYSTEMS GmbH
advair.fr,advair.fr,22-sep-2023,1695340800.0,KEY-SYSTEMS GmbH
admiverif.fr,admiverif.fr,22-aug-2023,1692662400.0,OVH
adventureisland.fr,adventureisland.fr,22-sep-2023,1695340800.0,KEY-SYSTEMS GmbH
advisato.fr,advisato.fr,22-sep-2023,1695340800.0,KEY-SYSTEMS GmbH
aeiu-pec.fr,aeiu-pec.fr,22-sep-2023,1695340800.0,KEY-SYSTEMS GmbH
affiche-cine.fr,affiche-cine.fr,22-sep-2023,1695340800.0,KEY-SYSTEMS GmbH
affrance.fr,affrance.fr,22-sep-2023,1695340800.0,KEY-SYSTEMS GmbH
afge.fr,afge.fr,22-sep-2023,1695340800.0,KEY-SYSTEMS GmbH
adidasozweego.fr,adidasozweego.fr,26-aug-2023,1693008000.0,GRANSY s.r.o.
adidassoldefrance.fr,adidassoldefrance.fr,08-oct-2023,1696723200.0,NETIM
afpag.fr,afpag.fr,22-sep-2023,1695340800.0,KEY-SYSTEMS GmbH
afok.pm,afok.pm,08-jul-2023,1688774400.0,GANDI
africancasting.fr,africancasting.fr,22-sep-2023,1695340800.0,KEY-SYSTEMS GmbH
ag2riamondiale.fr,ag2riamondiale.fr,22-sep-2023,1695340800.0,KEY-SYSTEMS GmbH
ag2rlemondiale.fr,ag2rlemondiale.fr,04-apr-2023,1680566400.0,IONOS SE
ag2rlmondiale.fr,ag2rlmondiale.fr,22-sep-2023,1695340800.0,KEY-SYSTEMS GmbH
agagp.fr,agagp.fr,22-sep-2023,1695340800.0,KEY-SYSTEMS GmbH
agedim.fr,agedim.fr,22-sep-2023,1695340800.0,KEY-SYSTEMS GmbH
agelocer.fr,agelocer.fr,22-sep-2023,1695340800.0,KEY-SYSTEMS GmbH
agen-cybertek.fr,agen-cybertek.fr,26-sep-2023,1695686400.0,1API GmbH
agencepourlinformatiquefinancieredeletat.fr,agencepourlinformatiquefinancieredeletat.fr,12-sep-2023,1694476800.0,SAS Ligne Web Services - LWS
agents-co.fr,agents-co.fr,22-sep-2023,1695340800.0,KEY-SYSTEMS GmbH
agentbnp.fr,agentbnp.fr,18-aug-2023,1692316800.0,KEY-SYSTEMS GmbH
agirc2-arrco.fr,agirc2-arrco.fr,22-sep-2023,1695340800.0,KEY-SYSTEMS GmbH
agencybertek.fr,agencybertek.fr,30-sep-2023,1696032000.0,1API GmbH
agiric-arrco.fr,agiric-arrco.fr,22-sep-2023,1695340800.0,KEY-SYSTEMS GmbH
agla.fr,agla.fr,22-sep-2023,1695340800.0,KEY-SYSTEMS GmbH
agn-cybertek.fr,agn-cybertek.fr,10-oct-2023,1696896000.0,1API GmbH
agonia.fr,agonia.fr,22-sep-2023,1695340800.0,KEY-SYSTEMS GmbH
agricol-secure.fr,agricol-secure.fr,12-aug-2023,1691798400.0,KEY-SYSTEMS GmbH
agrlamondiale.fr,agrlamondiale.fr,23-sep-2023,1695427200.0,KEY-SYSTEMS GmbH
aedzt.pm,aedzt.pm,09-jul-2023,1688860800.0,Hosting Concepts B.V. d/b/a Openprovider
ahola.fr,ahola.fr,23-sep-2023,1695427200.0,KEY-SYSTEMS GmbH
ahthle.fr,ahthle.fr,23-sep-2023,1695427200.0,KEY-SYSTEMS GmbH
aide-amzon.fr,aide-amzon.fr,26-oct-2023,1698278400.0,KEY-SYSTEMS GmbH
aideameli.fr,aideameli.fr,28-apr-2023,1682640000.0,KEY-SYSTEMS GmbH
aide-bnp.fr,aide-bnp.fr,29-jun-2023,1687996800.0,KEY-SYSTEMS GmbH
aide-bnpparibas.fr,aide-bnpparibas.fr,23-jun-2023,1687478400.0,KEY-SYSTEMS GmbH
aide-ca.fr,aide-ca.fr,28-aug-2023,1693180800.0,KEY-SYSTEMS GmbH
aide-chronolivraison.fr,aide-chronolivraison.fr,24-oct-2023,1698105600.0,KEY-SYSTEMS GmbH
aide-cartevital.fr,aide-cartevital.fr,02-aug-2023,1690934400.0,1API GmbH
aide-chronopost.fr,aide-chronopost.fr,28-sep-2023,1695859200.0,TLD Registrar Solutions Ltd
aide-colis.fr,aide-colis.fr,08-oct-2023,1696723200.0,Realtime Register B.V.
aide-colissimo.fr,aide-colissimo.fr,08-sep-2023,1694131200.0,KEY-SYSTEMS GmbH
aide-cvitale.fr,aide-cvitale.fr,18-oct-2023,1697587200.0,KEY-SYSTEMS GmbH
aide-critair.fr,aide-critair.fr,25-sep-2023,1695600000.0,KEY-SYSTEMS GmbH
aide-laposte.fr,aide-laposte.fr,03-sep-2023,1693699200.0,KEY-SYSTEMS GmbH
aidedd.fr,aidedd.fr,23-sep-2023,1695427200.0,KEY-SYSTEMS GmbH
aide-moncompte.fr,aide-moncompte.fr,02-jul-2023,1688256000.0,KEY-SYSTEMS GmbH
aide-netfiix.fr,aide-netfiix.fr,16-aug-2023,1692144000.0,KEY-SYSTEMS GmbH
aide-orange.fr,aide-orange.fr,23-apr-2023,1682208000.0,KEY-SYSTEMS GmbH
aide-pac-national.fr,aide-pac-national.fr,23-sep-2023,1695427200.0,KEY-SYSTEMS GmbH
aide-remboursement.fr,aide-remboursement.fr,15-aug-2023,1692057600.0,KEY-SYSTEMS GmbH
aide-renouvellement.fr,aide-renouvellement.fr,30-aug-2023,1693353600.0,TLD Registrar Solutions Ltd
aidepaypal.fr,aidepaypal.fr,04-oct-2023,1696377600.0,KEY-SYSTEMS GmbH
aide-securite.fr,aide-securite.fr,28-aug-2023,1693180800.0,KEY-SYSTEMS GmbH
aide-securite-paypal.fr,aide-securite-paypal.fr,29-aug-2023,1693267200.0,KEY-SYSTEMS GmbH
aide-service.fr,aide-service.fr,23-oct-2023,1698019200.0,KEY-SYSTEMS GmbH
aides-netflix.fr,aides-netflix.fr,06-apr-2023,1680739200.0,KEY-SYSTEMS GmbH
aide-social.fr,aide-social.fr,21-jul-2023,1689897600.0,OVH
aides-renouvellement.fr,aides-renouvellement.fr,20-oct-2023,1697760000.0,Realtime Register B.V.
aidevitale.fr,aidevitale.fr,28-sep-2023,1695859200.0,KEY-SYSTEMS GmbH
ailfrance.fr,ailfrance.fr,23-sep-2023,1695427200.0,KEY-SYSTEMS GmbH
airbnb-france.fr,airbnb-france.fr,19-jul-2023,1689724800.0,IONOS SE
airbnbfrance.fr,airbnbfrance.fr,07-sep-2023,1694044800.0,KEY-SYSTEMS GmbH
airbnb-support.fr,airbnb-support.fr,27-mar-2023,1679875200.0,KEY-SYSTEMS GmbH
ainbnb.fr,ainbnb.fr,26-jul-2023,1690329600.0,OVH
airbnbfr.fr,airbnbfr.fr,01-may-2023,1682899200.0,Hosting Concepts B.V. d/b/a Openprovider
airbnb-suspension.fr,airbnb-suspension.fr,04-apr-2023,1680566400.0,KEY-SYSTEMS GmbH
airbnb-team.fr,airbnb-team.fr,05-apr-2023,1680652800.0,KEY-SYSTEMS GmbH
airbnb-tools.fr,airbnb-tools.fr,10-apr-2023,1681084800.0,SCALEWAY
airbnb-verif.fr,airbnb-verif.fr,05-apr-2023,1680652800.0,KEY-SYSTEMS GmbH
airbnn.fr,airbnn.fr,23-sep-2023,1695427200.0,KEY-SYSTEMS GmbH
airbus-france.fr,airbus-france.fr,22-sep-2023,1695340800.0,Hosting Concepts B.V. d/b/a Openprovider
air-certificate.fr,air-certificate.fr,12-oct-2023,1697068800.0,KEY-SYSTEMS GmbH
air-gov.fr,air-gov.fr,05-oct-2023,1696464000.0,KEY-SYSTEMS GmbH
airgfrance.fr,airgfrance.fr,23-sep-2023,1695427200.0,KEY-SYSTEMS GmbH
airpano.fr,airpano.fr,23-sep-2023,1695427200.0,KEY-SYSTEMS GmbH
air-vignette.fr,air-vignette.fr,18-sep-2023,1694995200.0,Sarek Oy
airsquare.fr,airsquare.fr,23-sep-2023,1695427200.0,KEY-SYSTEMS GmbH
ajourdhui.fr,ajourdhui.fr,23-sep-2023,1695427200.0,KEY-SYSTEMS GmbH
ajshop.fr,ajshop.fr,23-sep-2023,1695427200.0,KEY-SYSTEMS GmbH
akrparis.fr,akrparis.fr,23-sep-2023,1695427200.0,KEY-SYSTEMS GmbH
aksc.fr,aksc.fr,23-sep-2023,1695427200.0,KEY-SYSTEMS GmbH
aktiv-mit-ms.fr,aktiv-mit-ms.fr,23-sep-2023,1695427200.0,KEY-SYSTEMS GmbH
alarmy-security.fr,alarmy-security.fr,11-sep-2023,1694390400.0,EPAG Domainservices GmbH
alcopa-aution.fr,alcopa-aution.fr,23-sep-2023,1695427200.0,KEY-SYSTEMS GmbH
aldi-france.fr,aldi-france.fr,10-jun-2023,1686355200.0,One.com A/S
alerte-ameli.fr,alerte-ameli.fr,04-aug-2023,1691107200.0,Registry Operations
alerte-chrono-livraison.fr,alerte-chrono-livraison.fr,18-sep-2023,1694995200.0,TLD Registrar Solutions Ltd
alerte-clients.fr,alerte-clients.fr,10-sep-2023,1694304000.0,GANDI
alexyu.fr,alexyu.fr,23-sep-2023,1695427200.0,KEY-SYSTEMS GmbH
algone.fr,algone.fr,23-sep-2023,1695427200.0,KEY-SYSTEMS GmbH
alibabafrance.fr,alibabafrance.fr,15-aug-2023,1692057600.0,IONOS SE
alibris.fr,alibris.fr,23-sep-2023,1695427200.0,KEY-SYSTEMS GmbH
aliecpress.fr,aliecpress.fr,26-aug-2023,1693008000.0,KEY-SYSTEMS GmbH
aliexpess.fr,aliexpess.fr,23-sep-2023,1695427200.0,KEY-SYSTEMS GmbH
ajivh.yt,ajivh.yt,19-jul-2023,1689724800.0,GRANSY s.r.o.
akem.pm,akem.pm,08-jul-2023,1688774400.0,Hosting Concepts B.V. d/b/a Openprovider
aliexprex.fr,aliexprex.fr,06-mar-2023,1678060800.0,GANDI
aliexpresss.fr,aliexpresss.fr,28-aug-2023,1693180800.0,Hosting Concepts B.V. d/b/a Openprovider
aliexress.fr,aliexress.fr,26-aug-2023,1693008000.0,KEY-SYSTEMS GmbH
alignegourmande.fr,alignegourmande.fr,23-sep-2023,1695427200.0,KEY-SYSTEMS GmbH
alimentarium.fr,alimentarium.fr,23-sep-2023,1695427200.0,KEY-SYSTEMS GmbH
alixbook.fr,alixbook.fr,23-sep-2023,1695427200.0,KEY-SYSTEMS GmbH
aljamaa.fr,aljamaa.fr,23-sep-2023,1695427200.0,KEY-SYSTEMS GmbH
alkirtas.fr,alkirtas.fr,23-sep-2023,1695427200.0,KEY-SYSTEMS GmbH
alkren.fr,alkren.fr,23-sep-2023,1695427200.0,KEY-SYSTEMS GmbH
all0cine.fr,all0cine.fr,23-sep-2023,1695427200.0,KEY-SYSTEMS GmbH
all-batterie.fr,all-batterie.fr,23-sep-2023,1695427200.0,KEY-SYSTEMS GmbH
allezpaillade.fr,allezpaillade.fr,23-sep-2023,1695427200.0,KEY-SYSTEMS GmbH
allgsmunlock.fr,allgsmunlock.fr,23-sep-2023,1695427200.0,KEY-SYSTEMS GmbH
alliancecontruction.fr,alliancecontruction.fr,23-sep-2023,1695427200.0,KEY-SYSTEMS GmbH
alliancepaintball.fr,alliancepaintball.fr,23-sep-2023,1695427200.0,KEY-SYSTEMS GmbH
allianz-gestion.fr,allianz-gestion.fr,27-apr-2023,1682553600.0,1API GmbH
alliedmods.fr,alliedmods.fr,23-sep-2023,1695427200.0,KEY-SYSTEMS GmbH
alliot-marie2017.fr,alliot-marie2017.fr,06-sep-2023,1693958400.0,Hosting Concepts B.V. d/b/a Openprovider
allianztravelinsurance.fr,allianztravelinsurance.fr,23-sep-2023,1695427200.0,KEY-SYSTEMS GmbH
allkpop.fr,allkpop.fr,23-sep-2023,1695427200.0,KEY-SYSTEMS GmbH
allocines.fr,allocines.fr,23-sep-2023,1695427200.0,KEY-SYSTEMS GmbH
allocne.fr,allocne.fr,23-sep-2023,1695427200.0,KEY-SYSTEMS GmbH
allocnie.fr,allocnie.fr,23-sep-2023,1695427200.0,KEY-SYSTEMS GmbH
allocoupon.fr,allocoupon.fr,26-sep-2023,1695686400.0,IONOS SE
allogarages.fr,allogarages.fr,23-sep-2023,1695427200.0,KEY-SYSTEMS GmbH
allomine.fr,allomine.fr,25-sep-2023,1695600000.0,KEY-SYSTEMS GmbH
alphalinkk.fr,alphalinkk.fr,20-aug-2023,1692489600.0,KEY-SYSTEMS GmbH
am-assur.fr,am-assur.fr,21-aug-2023,1692576000.0,KEY-SYSTEMS GmbH
amazn-verification.fr,amazn-verification.fr,04-jun-2023,1685836800.0,KEY-SYSTEMS GmbH
amamazon.fr,amamazon.fr,01-mar-2023,1677628800.0,InterNetX GmbH
amazon-annonce.fr,amazon-annonce.fr,06-aug-2023,1691280000.0,IONOS SE
amazonannonce.fr,amazonannonce.fr,06-aug-2023,1691280000.0,IONOS SE
amazon-annoncen.fr,amazon-annoncen.fr,07-aug-2023,1691366400.0,IONOS SE
amazonannoncen.fr,amazonannoncen.fr,07-aug-2023,1691366400.0,IONOS SE
amazon-assistance.fr,amazon-assistance.fr,03-jun-2023,1685750400.0,KEY-SYSTEMS GmbH
amazonassistance.fr,amazonassistance.fr,22-sep-2023,1695340800.0,KEY-SYSTEMS GmbH
amazonassistance-info.fr,amazonassistance-info.fr,22-sep-2023,1695340800.0,KEY-SYSTEMS GmbH
amazon-comptes.fr,amazon-comptes.fr,30-mar-2023,1680134400.0,KEY-SYSTEMS GmbH
amazon-compte-suspendu.fr,amazon-compte-suspendu.fr,04-sep-2023,1693785600.0,KEY-SYSTEMS GmbH
amazon-drive.fr,amazon-drive.fr,07-mar-2023,1678147200.0,AMEN / Agence des Mdias Numriques
amazon-fba.fr,amazon-fba.fr,11-may-2023,1683763200.0,OVH
amazon-france-logistique.fr,amazon-france-logistique.fr,05-sep-2023,1693872000.0,KEY-SYSTEMS GmbH
amazonen.fr,amazonen.fr,01-mar-2023,1677628800.0,InterNetX GmbH
amazon-helper.fr,amazon-helper.fr,01-feb-2023,1675209600.0,KEY-SYSTEMS GmbH
amazongrowthmarketing.fr,amazongrowthmarketing.fr,07-oct-2023,1696636800.0,SCALEWAY
amazon-info.fr,amazon-info.fr,22-sep-2023,1695340800.0,KEY-SYSTEMS GmbH
amazon-log.fr,amazon-log.fr,28-sep-2023,1695859200.0,KEY-SYSTEMS GmbH
amazoni.fr,amazoni.fr,01-mar-2023,1677628800.0,InterNetX GmbH
amazoneshop.fr,amazoneshop.fr,20-aug-2023,1692489600.0,SAS Ligne Web Services - LWS
amazon-login.fr,amazon-login.fr,06-oct-2023,1696550400.0,AMEN / Agence des Mdias Numriques
amazon-login-secure.fr,amazon-login-secure.fr,15-oct-2023,1697328000.0,KEY-SYSTEMS GmbH
amazon-payement-remboursement.fr,amazon-payement-remboursement.fr,27-apr-2023,1682553600.0,InterNetX GmbH
amazon-regist.fr,amazon-regist.fr,28-feb-2023,1677542400.0,AMEN / Agence des Mdias Numriques
amazon-secu.fr,amazon-secu.fr,19-sep-2023,1695081600.0,KEY-SYSTEMS GmbH
amazonsecuriteformulaire.fr,amazonsecuriteformulaire.fr,19-aug-2023,1692403200.0,KEY-SYSTEMS GmbH
amazonppc.fr,amazonppc.fr,05-oct-2023,1696464000.0,SCALEWAY
amazonrenouvellement.fr,amazonrenouvellement.fr,17-jun-2023,1686960000.0,IONOS SE
amazon-tips.fr,amazon-tips.fr,21-sep-2023,1695254400.0,NETIM
amazon-verification-compte.fr,amazon-verification-compte.fr,16-oct-2023,1697414400.0,KEY-SYSTEMS GmbH
amazonserviceclient.fr,amazonserviceclient.fr,19-aug-2023,1692403200.0,KEY-SYSTEMS GmbH
amazon-verification.fr,amazon-verification.fr,28-jul-2023,1690502400.0,KEY-SYSTEMS GmbH
amazonsellerperformance.fr,amazonsellerperformance.fr,07-oct-2023,1696636800.0,SCALEWAY
amazonvpnclient.fr,amazonvpnclient.fr,03-oct-2023,1696291200.0,KEY-SYSTEMS GmbH
amazonzon.fr,amazonzon.fr,01-mar-2023,1677628800.0,InterNetX GmbH
ameelie-france.fr,ameelie-france.fr,23-apr-2023,1682208000.0,KEY-SYSTEMS GmbH
ameii-asssurances.fr,ameii-asssurances.fr,23-aug-2023,1692748800.0,1API GmbH
ameiiassurance.fr,ameiiassurance.fr,27-jun-2023,1687824000.0,KEY-SYSTEMS GmbH
ameii-assurances.fr,ameii-assurances.fr,20-aug-2023,1692489600.0,1API GmbH
ameii-connexion.fr,ameii-connexion.fr,15-apr-2023,1681516800.0,KEY-SYSTEMS GmbH
ameii-dossiercontract.fr,ameii-dossiercontract.fr,19-sep-2023,1695081600.0,Hosting Concepts B.V. d/b/a Openprovider
ameiicarte.fr,ameiicarte.fr,11-apr-2023,1681171200.0,KEY-SYSTEMS GmbH
ameii-espace-sante.fr,ameii-espace-sante.fr,18-oct-2023,1697587200.0,KEY-SYSTEMS GmbH
amazonprimesec.fr,amazonprimesec.fr,18-may-2023,1684368000.0,1API GmbH
ameiifrance.fr,ameiifrance.fr,15-aug-2023,1692057600.0,KEY-SYSTEMS GmbH
ameiicompte.fr,ameiicompte.fr,28-oct-2023,1698451200.0,KEY-SYSTEMS GmbH
ameiifr-sms.fr,ameiifr-sms.fr,15-apr-2023,1681516800.0,KEY-SYSTEMS GmbH
ameii-gov.fr,ameii-gov.fr,06-sep-2023,1693958400.0,1API GmbH
ameii-indemnisation.fr,ameii-indemnisation.fr,18-jun-2023,1687046400.0,KEY-SYSTEMS GmbH
ameii-macartevitale.fr,ameii-macartevitale.fr,17-jun-2023,1686960000.0,1API GmbH
ameii-renouveiiement.fr,ameii-renouveiiement.fr,17-jun-2023,1686960000.0,KEY-SYSTEMS GmbH
ameii-renouvellement.fr,ameii-renouvellement.fr,12-apr-2023,1681257600.0,KEY-SYSTEMS GmbH
ameii-sante.fr,ameii-sante.fr,16-jun-2023,1686873600.0,KEY-SYSTEMS GmbH
ameii-support.fr,ameii-support.fr,17-may-2023,1684281600.0,KEY-SYSTEMS GmbH
ameii-vitales.fr,ameii-vitales.fr,23-jun-2023,1687478400.0,KEY-SYSTEMS GmbH
ameli-accueil.fr,ameli-accueil.fr,21-sep-2023,1695254400.0,KEY-SYSTEMS GmbH
ameli-actualisation.fr,ameli-actualisation.fr,25-apr-2023,1682380800.0,1API GmbH
ameli-aides.fr,ameli-aides.fr,29-apr-2023,1682726400.0,SAS Ligne Web Services - LWS
ameli-alert.fr,ameli-alert.fr,19-sep-2023,1695081600.0,KEY-SYSTEMS GmbH
ameli-am.fr,ameli-am.fr,06-mar-2023,1678060800.0,KEY-SYSTEMS GmbH
ameli-assu-maladie.fr,ameli-assu-maladie.fr,29-sep-2023,1695945600.0,KEY-SYSTEMS GmbH
ameli-assu-maladie-renouv.fr,ameli-assu-maladie-renouv.fr,03-oct-2023,1696291200.0,KEY-SYSTEMS GmbH
ameli-assurance-authentification.fr,ameli-assurance-authentification.fr,13-mar-2023,1678665600.0,KEY-SYSTEMS GmbH
ameli-assurance-malade.fr,ameli-assurance-malade.fr,20-sep-2023,1695168000.0,KEY-SYSTEMS GmbH
ameliassurancemaladie.fr,ameliassurancemaladie.fr,25-apr-2023,1682380800.0,KEY-SYSTEMS GmbH
ameli-assurance-sante.fr,ameli-assurance-sante.fr,30-apr-2023,1682812800.0,1API GmbH
ameli-assurances-vitale.fr,ameli-assurances-vitale.fr,28-apr-2023,1682640000.0,1API GmbH
ameliassurinfo.fr,ameliassurinfo.fr,06-oct-2023,1696550400.0,KEY-SYSTEMS GmbH
ameli-carte.fr,ameli-carte.fr,27-sep-2023,1695772800.0,Hosting Concepts B.V. d/b/a Openprovider
ameli-carte-renouvellement.fr,ameli-carte-renouvellement.fr,20-sep-2023,1695168000.0,KEY-SYSTEMS GmbH
ameli-carte-vitale-info.fr,ameli-carte-vitale-info.fr,21-oct-2023,1697846400.0,KEY-SYSTEMS GmbH
ameli-cartevital.fr,ameli-cartevital.fr,26-oct-2023,1698278400.0,AMEN / Agence des Mdias Numriques
ameliassure.fr,ameliassure.fr,26-sep-2023,1695686400.0,Registry Operations
amelicartevital.fr,amelicartevital.fr,18-mar-2023,1679097600.0,KEY-SYSTEMS GmbH
